image,value,geometry,id
"{'geometry': {'type': 'Point', 'coordinates': [39.261399392655, -6.8073736885593]}, 'id': '1860469291150464'}",construction--barrier--curb,GpYCeAIKBm1weS1vciiAIBKGAhgDCAEi/wEJmiOqI8IHDA8gCBogGAgEEhgYHggIEAwAGCImGBAAMDgqEggQJBAIECYQFBo+GAQACAgEAAgQDAAICBoKCBAYCAwIFBgWABAIJBoaCBgYHAgIAAwQMhAEAC4iEABGKFYQBAAMCgwAGAgEABAIiAEochAECt4BGI4CDxARZA84FyoASh+GASEgFzIHJiEcBxQXHAcEDxIHGAAoGA4oCSIPEBcALSA/GgsQjwE6DxB7IA8QeSpzCFkoBw/LAgBVF0EAaSlBB8sBURcXLQcrHxUAExkzD005CwApFxcfPSEXHykPBw9NMQcPFwcPGS0XJy8LADU5CwA5QUEnEyETBw8=,1861707691026624
"{'geometry': {'type': 'Point', 'coordinates': [39.261399392655, -6.8073736885593]}, 'id': '1860469291150464'}",construction--barrier--curb,GiB4AgoGbXB5LW9yKIAgEhEYAwgBIgsJtAGeIhILAAQPDw==,1861707694359957
"{'geometry': {'type': 'Point', 'coordinates': [39.261399392655, -6.8073736885593]}, 'id': '1860469291150464'}",construction--barrier--curb,Gmt4AgoGbXB5LW9yKIAgElwYAwgBIlYJiDnEJroCDAcIBwgHBAAECQgAHA8aSRQIEAcEDy4PDA8ADwQJKA82PzYZEB8EBwgACAgEAAQICAgHID0yCxgTCAMSHyBFKBciGQgDEAcAAxhVKicADw==,1861707697693290
"{'geometry': {'type': 'Point', 'coordinates': [39.261399392655, -6.8073736885593]}, 'id': '1860469291150464'}",construction--barrier--curb,GiB4AgoGbXB5LW9yKIAgEhEYAwgBIgsJgguaJhIAEj0JDw==,1861707701026623
"{'geometry': {'type': 'Point', 'coordinates': [39.261399392655, -6.8073736885593]}, 'id': '1860469291150464'}",construction--flat--sidewalk,GiB4AgoGbXB5LW9yKIAgEhEYAwgBIgsJyA3WLBIDJxYRDw==,1861707704359956
"{'geometry': {'type': 'Point', 'coordinates': [39.261399392655, -6.8073736885593]}, 'id': '1860469291150464'}",construction--flat--sidewalk,Gi54AgoGbXB5LW9yKIAgEh8YAwgBIhkJtAnqKEoACAMAAwADAAMAAAcEAAQABAAP,1861707707693289
"{'geometry': {'type': 'Point', 'coordinates': [39.261399392655, -6.8073736885593]}, 'id': '1860469291150464'}",construction--flat--sidewalk,Gj14AgoGbXB5LW9yKIAgEi4YAwgBIigJkCG0IYIBBBcABwwACBAQBxAYDAAGIAwKAAgAEAsHDSEjBwsQCw8P,1861707711026622
"{'geometry': {'type': 'Point', 'coordinates': [39.261399392655, -6.8073736885593]}, 'id': '1860469291150464'}",construction--flat--sidewalk,Glp4AgoGbXB5LW9yKIAgEksYAwgBIkUJsgTKI2o0CAQqAwgHCAA6HwAABwAHBDkDAAAXBwcDCQ8JGCpaAAgEAAQABAAEAAQAAAcDAAMAAwADAA8JCwASCAAABw8=,1861707714359955
"{'geometry': {'type': 'Point', 'coordinates': [39.261399392655, -6.8073736885593]}, 'id': '1860469291150464'}",construction--flat--sidewalk,GiR4AgoGbXB5LW9yKIAgEhUYAwgBIg8JpASyIyIOCAAQAwAJDw8=,1861707717693288
"{'geometry': {'type': 'Point', 'coordinates': [39.261399392655, -6.8073736885593]}, 'id': '1860469291150464'}",construction--flat--sidewalk,GoEBeAIKBm1weS1vciiAIBJyGAMIASJsCaYjkiOSAwQHAAcEGRAIBAgEADoaABAMCAQQDAAEDw4IBBAYCAgaDAAIEBQHMggAIAgaSjggCDIyEBgEEAwADBISEAwYPRcTGSUPBw8jDwcPKREvNw8AJRcXIQsABw8dBxcXAxEXBxkfHwcP,1861707721026621
"{'geometry': {'type': 'Point', 'coordinates': [39.261399392655, -6.8073736885593]}, 'id': '1860469291150464'}",construction--flat--sidewalk,GokBeAIKBm1weS1vciiAIBJ6GAMIASJ0CfgC+CKyAyoAHBoQAAQIA0IKEAAQBAgEKhAQDCAIAAwYFAcAIg4YCDIMGAgAFDAPQgA6FFIPIDU3GzkDISNHCQALGQsAAwcDUQQAA0kADwMXAAcADxQZAwcEHwcHAw8HAAMQAwgACAMAEwcEKQMXAw8NBw8=,1861707724359954
"{'geometry': {'type': 'Point', 'coordinates': [39.261399392655, -6.8073736885593]}, 'id': '1860469291150464'}",construction--flat--sidewalk,GiJ4AgoGbXB5LW9yKIAgEhMYAwgBIg0JgirOJxouChAYDwAP,1861707727693287
"{'geometry': {'type': 'Point', 'coordinates': [39.261399392655, -6.8073736885593]}, 'id': '1860469291150464'}",construction--flat--sidewalk,GiJ4AgoGbXB5LW9yKIAgEhMYAwgBIg0JwCmuJxoqCBQYMQ8P,1861707731026620
"{'geometry': {'type': 'Point', 'coordinates': [39.261399392655, -6.8073736885593]}, 'id': '1860469291150464'}",construction--flat--sidewalk,GiB4AgoGbXB5LW9yKIAgEhEYAwgBIgsJxijsJhIgCAQSDw==,1861707734359953
"{'geometry': {'type': 'Point', 'coordinates': [39.261399392655, -6.8073736885593]}, 'id': '1860469291150464'}",construction--flat--sidewalk,GiJ4AgoGbXB5LW9yKIAgEhMYAwgBIg0JjCjMJhoiCAgQFQAP,1861707737693286
"{'geometry': {'type': 'Point', 'coordinates': [39.261399392655, -6.8073736885593]}, 'id': '1860469291150464'}",construction--flat--sidewalk,GiZ4AgoGbXB5LW9yKIAgEhcYAwgBIhEJuALoIioEFwgIAEIHCAMxDw==,1861707741026619
"{'geometry': {'type': 'Point', 'coordinates': [39.261399392655, -6.8073736885593]}, 'id': '1860469291150464'}",construction--flat--road,GiB4AgoGbXB5LW9yKIAgEhEYAwgBIgsJxhuuJxIHDx4XDw==,1861707744359952
"{'geometry': {'type': 'Point', 'coordinates': [39.261399392655, -6.8073736885593]}, 'id': '1860469291150464'}",construction--flat--sidewalk,Gmx4AgoGbXB5LW9yKIAgEl0YAwgBIlcJ2Ae6K7oCABcYAAwgRhAMFwMPCwcAHyA5Gw8EUQcZBwAEFxwPhAEQLGogEhIYAxAdGANCCxgHOgcQCCoHAAAYEygHADEHPScTHxsJBw8hDwMPDwcDDw8=,1861707747693285
"{'geometry': {'type': 'Point', 'coordinates': [39.261399392655, -6.8073736885593]}, 'id': '1860469291150464'}",construction--structure--building,Gn14AgoGbXB5LW9yKIAgEm4YAwgBImgJ5BuEJPICDLcCBAcEkQEEIQAvBCEADwQXCAcDSQAXBAk2CiAQFBgaAAwYHAcYAAQAADIHCAQwTkIIrAEPEAMXBHkHAAOaAQsABxIbBwkIAzAbMgc6BxAHAAsgISADEgcABxg1GDsIDw==,1861707751026618
"{'geometry': {'type': 'Point', 'coordinates': [39.261399392655, -6.8073736885593]}, 'id': '1860469291150464'}",construction--flat--sidewalk,GtMDeAIKBm1weS1vciiAIBLDAxgDCAEivAMJsA3cLqIMBw8AFyA5CEkKDwApFD8HIQcALDc6GSQAJhcgAAwPKg8MGRAHRggYIlIAICE+BxAPNg9mCBAfABkIDyYPLDFSHxoXNAc2IRQAUjkiBxgfHA8EDx4HCBkcDwgxDxcXABUPcQcHBwAhHB8mAAwPPg8UORQACAcADz4HLCkmBxQICyAEQhc6BBhOACQfFAAiFxwAICEOFwQpGAgMHxQABBgWAAQHCBcUHwARKAAADzYXCBcIAAQRIh8MHwgACA8IORwxBC8KBxwICBEMAAAiCAcADwQREA8KGAgADC8IACAIEAcGDxQICAgEGBcQByoVMAcAH0oHAA8qCQAAEA8QH0oPCAMQDQADEg8IFzALCEVKOQ8XGAMQEwoPAB04EwgjSgAYCQAEEi4HCBkIAAgfGgcEDxAHECkMSgsAABALEBMIAxIdGAgQABgLEgAQRUAzbCEYFygPCgMQFxAVKA8KAxATCAMQGRADEKUCkAJBKDcQTTpjGAcQGxJBGCMAIRhPACkQOQcHEBMKTRBxAA8JiwHFATIHEgAoEAgESQgXEwgPCRhpGgcAACAIBw8JyAJ8GgcHACAICA8=,1861707754359951
"{'geometry': {'type': 'Point', 'coordinates': [39.261399392655, -6.8073736885593]}, 'id': '1860469291150464'}",construction--structure--building,Gmx4AgoGbXB5LW9yKIAgEl0YAwgBIlcJoCSqI+oBC3kA1QEMqwEIBwoxIB8kACIXMA8AOAA6AwAEIAAqABADEA8ICCoLtAEEKAcqCxADGDkAByIPGAAoFwcDDw8JVpsBMg0aABAWCAgHAA8HGQ8=,1861707757693284
"{'geometry': {'type': 'Point', 'coordinates': [39.261399392655, -6.8073736885593]}, 'id': '1860469291150464'}",construction--structure--building,Gjh4AgoGbXB5LW9yKIAgEikYAwgBIiMJxiP4ImIDHwiDAQOrAQRPFpMBGBcIGAMwCBIAegdKBMgCDw==,1861707761026617
"{'geometry': {'type': 'Point', 'coordinates': [39.261399392655, -6.8073736885593]}, 'id': '1860469291150464'}",construction--flat--sidewalk,Gkt4AgoGbXB5LW9yKIAgEjwYAwgBIjYJujyaI7oBDAAEDwwAGCEWABgXBA8IAAgpGAcEDyYABAgACBsQQUoLAA0aGxAHGBcQAwADAA8=,1861707764359950
"{'geometry': {'type': 'Point', 'coordinates': [39.261399392655, -6.8073736885593]}, 'id': '1860469291150464'}",construction--flat--sidewalk,GiZ4AgoGbXB5LW9yKIAgEhcYAwgBIhEJmgqcKSoWCAAQMQAHBwQPDw==,1861707767693283
"{'geometry': {'type': 'Point', 'coordinates': [39.261399392655, -6.8073736885593]}, 'id': '1860469291150464'}",construction--flat--sidewalk,GiJ4AgoGbXB5LW9yKIAgEhMYAwgBIg0JrALsIxoIBwAIBwgP,1861707771026616
"{'geometry': {'type': 'Point', 'coordinates': [39.261399392655, -6.8073736885593]}, 'id': '1860469291150464'}",construction--flat--sidewalk,GiR4AgoGbXB5LW9yKIAgEhUYAwgBIg8J8gy8JiI2CAAQGwgxDw8=,1861707774359949
"{'geometry': {'type': 'Point', 'coordinates': [39.261399392655, -6.8073736885593]}, 'id': '1860469291150464'}",construction--structure--building,GiR4AgoGbXB5LW9yKIAgEhUYAwgBIg8JmB2aHiIDFwgXDAgEIA8=,1861707777693282
"{'geometry': {'type': 'Point', 'coordinates': [39.261399392655, -6.8073736885593]}, 'id': '1860469291150464'}",construction--flat--sidewalk,GiJ4AgoGbXB5LW9yKIAgEhMYAwgBIg0JhCmOJxokCBAYGwcP,1861707781026615
"{'geometry': {'type': 'Point', 'coordinates': [39.261399392655, -6.8073736885593]}, 'id': '1860469291150464'}",construction--barrier--curb,Gih4AgoGbXB5LW9yKIAgEhkYAwgBIhMJgh/2ITIIKRgPBBgDCgcACxgP,1861707784359948
"{'geometry': {'type': 'Point', 'coordinates': [39.261399392655, -6.8073736885593]}, 'id': '1860469291150464'}",construction--barrier--curb,Gkt4AgoGbXB5LW9yKIAgEjwYAwgBIjYJuAHYIroBEBASKhAIFEIUEBoAAAgIBwAoB0oFEA8HBxcPDwAPFzEAKREfGw8HHwcAACkIBw8=,1861707787693281
"{'geometry': {'type': 'Point', 'coordinates': [39.261399392655, -6.8073736885593]}, 'id': '1860469291150464'}",construction--barrier--wall,Gp8DeAIKBm1weS1vciiAIBKPAxgDCAEiiAMJyiTKI9oKACcQFwghOgAEFwwPCCkDJwyzAQcpEAcEDwQAAAgeBxgoJAdWCA4XGA9CBxQQCCAUBwwQCAcGFwgADBdSDxQIHCAAUgcAAw8LCAQgDAgEGhAQABAWAASzARAXLA8KACQQICA6BxxaACALCgMYIgcEDxAJCBcYDwQPJgAsKB4yFAgUICgaGiAsBwSzAQcxCB8yIQgSHBASIAlKCpQBCAhEDzI5HAAEEAsQBBIqCD4HDAkIHzQPTkoaEBwABHkPexQfJBkACgoJIAoQEBAoCzIEpAEyERAPCBcMACIfFAgAKAgQGAAIMhsgCAAEGhAYEg8MCAgQBDIICAdyFxAAGhAwRggYF14HCBgAhAEIKABSTQgbGCUKHyBNCE0qNwAZCAsYbQA9KGESTQBFGW0HVRBtJ/UBKTEfMwcRD3UZEyeDAR8XGUEXFxdRGRMfPQ8xMR8HSTcHGQAfMQcTCAcPCwAPCcoDmQMaAAgEAAAHDwmyDKwEOgMAAwADAAAIBAAEAAQADw==,1861707791026614
"{'geometry': {'type': 'Point', 'coordinates': [39.261399392655, -6.8073736885593]}, 'id': '1860469291150464'}",construction--flat--road,GuYIeAIKBm1weS1vciiAIBLWCBgDCAEizwgJALgi4h8EAAwABAAEBwQJA2kEAB4HBAgEEBwPBAcADwQAADAIGjIHSgAAKAMABBAAKiEADxAHBwcIACoIAAggHBASIAAqGDIAEBAQCBgQCAAiAwAEMAAQBioUEAQ6DCgEGgQQABAICCYIEA8IFwgHBAAYQCIaFAAEOAgICCoYGBYyEAgsUggAHjAQCAgaEAgQKBYSCBg6OCRCOjIEEAgABBAQCAQQHCKEATAIChQQJiAMEAxKoAFqCBIsCCIgchi8AUpGAEIasAIAvgIxMh8oCRIPFABiLxQhIg8EDxgXSiEIDzAfMg+UAZMBBA8QCSg/NjEEDwgANlEYDwQPOjkMHwgAHDkKACxhHCEEFyZRIBcmWRQPABEMBxxJCAAADxIXCCkLAAAaFQgDGAcAAC8PCQcaExALIAkACyIPEAtJAB8XBxQJBA8YFzoQRkkDCARCCBAQAAQfDAcUORIAAA8YMQwHDC8QDwoxFA8YORAHBA8DIRYvDAAMFwgABAkDFwwIEAgAHx4ABFERDwsABxcQKRoPKAgAEBwAEiIcCCAwABAAWgAaAwAECAAQDgAEHwghDBAMDyQIDiIMCAOUARQoBAgICAQAAAgQBwQABAcSH1oABBAMAAQQFAgUIkIoOkIMADY6DAAoMC4YEBoYCAgQTjIIECoQGCA+IhggKhgpAA8KABBGBwARTjo0EBQaFgAsIC4IGBjMAVJCCGoqQgBWGMwCAAgQWid0B3opEA98HxAPkAE5DA9AGS4fGAAQDwohUh8YFxQAEBkyFxQXVikEFwgABA8aBxghRicgHwQRFAcMFz4xCB8uFxQpNhdAQQoXSDkABwpRFAAIB0IfBAgAEBAHHAgEFwQPCAgEpAEyCACgDUkAPSBVCGkHuwEQCw9JDxMZGQcPWRc3ExEpABsSFxgDEBEIBxgHAAcaBwAHGBMQBxoJADNQgwEyCxADGhMABxAZCBcgCwBNSo8BQgcQHwgPGDUSBBAiCAMQEQAHGA8INQADGgcIDwAfIDEaOUAvCCUacQgfGD0ABxcAOQtJITcXAAcQEw8PQAyUAUUQWQ8LDyUHO0ENAAsXGwcTIREAWVnLAUlRJwsPaSlNOQ8AHR8PAAcPUTGTAZEBCxkAJwcHAyEHAAMfBwcxDw8PBxkpJ1EPLyE1AA8QYRLzAiCNAwApKS8AITI7GCUaFyA5CA8QE0oDQg8gBwAdMhcQAxBdWgcaEQgHGAsIA0IbIAMQBwAVKgcAAxAbEAMQMRoHEC8QPQAtFz8AVRAtGEkIPyLdAgC5Ag8lEAcIAyBRSmUHDxctBwcpCwAbH2chBw8vFyUpPxcZF2EpBw8vFxkfCwAbORkHLzkLABUvAyE7HwMPEQkDDx8fBxcHAAshBwAdLy8hnwJKxwEYDwm0Aa8NEgcPAxAPCaIy/BAyNxAAICgIQh8ADwsHDwmvEuENGgcAABAIAA8JECIaBwcAKAgADw==,1861707794359947
"{'geometry': {'type': 'Point', 'coordinates': [39.261399392655, -6.8073736885593]}, 'id': '1860469291150464'}",construction--flat--road,GiB4AgoGbXB5LW9yKIAgEhEYAwgBIgsJgBzcJhIADwwADw==,1861707797693280
"{'geometry': {'type': 'Point', 'coordinates': [39.261399392655, -6.8073736885593]}, 'id': '1860469291150464'}",construction--flat--road,GiF4AgoGbXB5LW9yKIAgEhIYAwgBIgwJZpQhGgwHABALCA8=,1861707801026613
"{'geometry': {'type': 'Point', 'coordinates': [39.261399392655, -6.8073736885593]}, 'id': '1860469291150464'}",construction--flat--road,GiB4AgoGbXB5LW9yKIAgEhEYAwgBIgsJjgP0IxIUCBMIDw==,1861707804359946
"{'geometry': {'type': 'Point', 'coordinates': [39.261399392655, -6.8073736885593]}, 'id': '1860469291150464'}",construction--barrier--curb,Gjh4AgoGbXB5LW9yKIAgEikYAwgBIiMJ2jyqI3IIFxwPDhkMAEJJHA8MCAgHEAAICEc6CRg/QjUYDw==,1861707807693279
"{'geometry': {'type': 'Point', 'coordinates': [39.261399392655, -6.8073736885593]}, 'id': '1860469291150464'}",construction--barrier--curb,Gp8DeAIKBm1weS1vciiAIBKPAxgDCAEiiAMJqgP8JtoLBA8ABwQPABcEBwARBAcMAAwaCgAkSAQiHDo2OChCMjIyWhQIWmIyIDhCHhAgIgQQEAgEECIQCBAcChQgPigyCBQSDCAgCA8QEwcPGiQIGCAqCBQXLgByOkIIFBBaGLwCOnIATg8UCQgPOggqD1AAIhckAEIXHBEID2QXTjk4D0InpgKPAgQPGg8EDxQHBA8QCRYnGA8EDxAJGCciFzRrRj8ADwwRABcWJxQJBA8MDwwPEA8MIQoADB8UDwgZEAoAMAgABBcWBwAZDAAHKhEYABAHABtKCwgAEhMQJVofGCVSAxgbIitiCQAbOgcACyA5OgMQFxA1UgcAAxA1MidADwoDEJMBlAExEC8gBxBJIhcYAxAhEBMiYTATABEQJwoxIL0CMq8CAEEZRQC7AUlxFyEfKwcHEZ8BaQtJCw8EFwcHIQATDwcJgwEvGyEDDw8HAw8HAAMPOTEjQTk3BxcVEQ8nDwcHGQ8HHS8HACtRDwcVMRcXBykHBwM3EwAhGRc/Dw==,1861707811026612
"{'geometry': {'type': 'Point', 'coordinates': [39.261399392655, -6.8073736885593]}, 'id': '1860469291150464'}",construction--barrier--curb,Gl94AgoGbXB5LW9yKIAgElAYAwgBIkoJmB3uJIoCDAcYLxAHBBEOAAQPEAcgSRAPAA8KABApCAAgSQgABCIDEA8IFzoTEAkyDxALMAsIFzIAEBEAEzoLCAMgDwAHDwNBDw==,1861707814359945
"{'geometry': {'type': 'Point', 'coordinates': [39.261399392655, -6.8073736885593]}, 'id': '1860469291150464'}",construction--flat--sidewalk,GiZ4AgoGbXB5LW9yKIAgEhcYAwgBIhEJwCrwJypWCCwgEAAKEFUPDw==,1861707817693278
"{'geometry': {'type': 'Point', 'coordinates': [39.261399392655, -6.8073736885593]}, 'id': '1860469291150464'}",construction--barrier--curb,GiJ4AgoGbXB5LW9yKIAgEhMYAwgBIg0J3AraLRoAGAcPCwAP,1861707821026611
"{'geometry': {'type': 'Point', 'coordinates': [39.261399392655, -6.8073736885593]}, 'id': '1860469291150464'}",construction--flat--road,GiF4AgoGbXB5LW9yKIAgEhIYAwgBIgwJAPA/GgwAABALAA8=,1861707824359944
"{'geometry': {'type': 'Point', 'coordinates': [39.261399392655, -6.8073736885593]}, 'id': '1860469291150464'}",construction--flat--sidewalk,GiB4AgoGbXB5LW9yKIAgEhEYAwgBIgsJ/jjMJhIKBwAIDw==,1861707827693277
"{'geometry': {'type': 'Point', 'coordinates': [39.261399392655, -6.8073736885593]}, 'id': '1860469291150464'}",construction--flat--sidewalk,GiJ4AgoGbXB5LW9yKIAgEhMYAwgBIg0J4CesJhoQABAYFwcP,1861707831026610
"{'geometry': {'type': 'Point', 'coordinates': [39.261399392655, -6.8073736885593]}, 'id': '1860469291150464'}",construction--flat--sidewalk,GiJ4AgoGbXB5LW9yKIAgEhMYAwgBIg0JqieKJhoMAAgQCwAP,1861707834359943
"{'geometry': {'type': 'Point', 'coordinates': [39.261399392655, -6.8073736885593]}, 'id': '1860469291150464'}",construction--flat--road,GiJ4AgoGbXB5LW9yKIAgEhMYAwgBIg0J3BuGJxoEERQHAxAP,1861707837693276
"{'geometry': {'type': 'Point', 'coordinates': [39.261399392655, -6.8073736885593]}, 'id': '1860469291150464'}",construction--flat--sidewalk,GiJ4AgoGbXB5LW9yKIAgEhMYAwgBIg0Jijf8JhocEhcAAwcP,1861707841026609
"{'geometry': {'type': 'Point', 'coordinates': [39.261399392655, -6.8073736885593]}, 'id': '1860469291150464'}",construction--flat--sidewalk,Gkt4AgoGbXB5LW9yKIAgEjwYAwgBIjYJiDiSJooBfFFADwwQAxoHCBYIBEkIAAAQCAgDEBlKGxAADz0QPwAHDw8JlgEPGgAIBAAABw8=,1861707844359942
"{'geometry': {'type': 'Point', 'coordinates': [39.261399392655, -6.8073736885593]}, 'id': '1860469291150464'}",construction--flat--sidewalk,GjJ4AgoGbXB5LW9yKIAgEiMYAwgBIh0J0geSK1oACAMAAwADAAMAAwAABwQABAAEAAQADw==,1861707847693275
"{'geometry': {'type': 'Point', 'coordinates': [39.261399392655, -6.8073736885593]}, 'id': '1860469291150464'}",construction--flat--sidewalk,GiB4AgoGbXB5LW9yKIAgEhEYAwgBIgsJjDz0IxIEAAAIDw==,1861707851026608
"{'geometry': {'type': 'Point', 'coordinates': [39.261399392655, -6.8073736885593]}, 'id': '1860469291150464'}",construction--flat--sidewalk,GiZ4AgoGbXB5LW9yKIAgEhcYAwgBIhEJyD6sISoIDwwHLgcACEEgDw==,1861707854359941
"{'geometry': {'type': 'Point', 'coordinates': [39.261399392655, -6.8073736885593]}, 'id': '1860469291150464'}",construction--structure--building,Gll4AgoGbXB5LW9yKIAgEkoYAwgBIkQJ9iG0IeoBC2kUQSgPHhgQIgBAHBoIgwEuHwgYA6QBEGoEYg8HAx8ABwMpAw8DFwMHAxkDBwcXEQcLBxMAKwclCAcQDw==,1861707871026606
"{'geometry': {'type': 'Point', 'coordinates': [39.261399392655, -6.8073736885593]}, 'id': '1860469291150464'}",construction--structure--building,GiR4AgoGbXB5LW9yKIAgEhUYAwgBIg8JuCGcISIIMRAPBFoLAA8=,1861707874359939
"{'geometry': {'type': 'Point', 'coordinates': [39.261399392655, -6.8073736885593]}, 'id': '1860469291150464'}",construction--structure--building,Gix4AgoGbXB5LW9yKIAgEh0YAwgBIhcJ5B/4H0IADwgAGDkLHxQIACgIIgcgDw==,1861707877693272
"{'geometry': {'type': 'Point', 'coordinates': [39.261399392655, -6.8073736885593]}, 'id': '1860469291150464'}",construction--structure--building,GiR4AgoGbXB5LW9yKIAgEhUYAwgBIg8JxB6kISIDFwgHCBADEA8=,1861707881026605
"{'geometry': {'type': 'Point', 'coordinates': [39.261399392655, -6.8073736885593]}, 'id': '1860469291150464'}",construction--structure--building,GssEeAIKBm1weS1vciiAIBK7BBgDCAEitAQJsCrYH/oOBIsBBKcCBAADBwBRAwcAByAHCAcEAAgHAAdGDy4ZCA8YAAgPCGEYOSIXNAAiKCQAKh8QAAQHMg8UGRwHEBceBxAXHBEeLwgHHAcECAQABBA6MAwaFAA6IUZHHBkQACIiBAgUIDRSMhAUGjIQCBBCGCgqGAgGECQQDBgQACIiVjAgKhAAByAmABAXBAADGAwyB0IEUgBSBBgMCBAHAA8MBw4hKCcEGQgAHi8cABgwCBIIEBoYIAAEfAwQBCAIAAAPBHEEABIAABAMCAwACA8uAAgICxAEGEAiABgAlgIDAABJCx8zDwAZCQcvCAsKBOIDTggMDyQHBFkEAAByCwADEDMqNQcDagMyBxAHABEABxA/EHtSAwALCAMABwgHAAcKRRAPEAMYDQgTDwBRBycAgwEHF10IFxhFBw8vABkYDwhxBwcDMQcPCwcREA8XAxkHABwfBzEXAAcPACcTByEgCwAHGA8QMRIDowEMMQ8nDw8fCQDbAQNZAKMBBUkAFwsAAKwBBIIBCI4CIxoTIBB8A3obABkPTUkzEAcgCwo9CCkHAxEMDwMPGwAxOkMQBwcJkwEKSREfGw8HETEiByAIMgO0ASsIGR8nGRMfEwcdMSsnJQADEBcQBxgPCgMQIQgEFwwJAB8bWTkIHx8PCcoLhQIaCwAAEAwADwnjAqkDggEEKQcPFwcLEAMIERoHIAMyHgAUBwQJBAAEBwQPBAcABw8JlgOcARIDjgIIWQ8=,1861707884359938
"{'geometry': {'type': 'Point', 'coordinates': [39.261399392655, -6.8073736885593]}, 'id': '1860469291150464'}",construction--structure--building,GsIBeAIKBm1weS1vciiAIBKyARgDCAEiqwEJzCXoH/oECDkGiwEwH0oQAEoDCAAIAwAEfAMoCAgANwQHCL0BgAESYkAwCBIaHAAUEBgHBA8SAAgZAIkBFQcHGBsAAA8LGSUXBzEETwMpCCd4IQgABBgkAAAaBkIAYgV6ADoDAARKAEorEA8YA7QBFQAADw8PAxkLBwMfDAcEEAgAAFEbHxMHURALGAcABRgHCAsPEwgHHxMPQQgXEA0YVQcjCBcnHQgABw8=,1861707887693271
"{'geometry': {'type': 'Point', 'coordinates': [39.261399392655, -6.8073736885593]}, 'id': '1860469291150464'}",construction--structure--building,GiB4AgoGbXB5LW9yKIAgEhEYAwgBIgsJ7DKYFRIIAAcIDw==,1861707891026604
"{'geometry': {'type': 'Point', 'coordinates': [39.261399392655, -6.8073736885593]}, 'id': '1860469291150464'}",construction--structure--building,GsQBeAIKBm1weS1vciiAIBK0ARgDCAEirQEJiju2HIIDBIsBADkMABAXGAAEDwwAAAgKBwwACA8cADIYFBc6GUgAAyIOCDAHBBAAKANsACgHEA8IALAFAyolAAMQFwgHKgcAAxAXGBUAFyILAAMQCwBFBykYCxAfCBMAAHEoBwD9AScADwm4Ad8COgAPBwgD7AEEAAQHABcEYQ8JczoaBwAASAgHDwkLowQiCwgIigM6BwOBAw8JRpAFKgsAAEoE3AEEMggADw==,1861707894359937
"{'geometry': {'type': 'Point', 'coordinates': [39.261399392655, -6.8073736885593]}, 'id': '1860469291150464'}",construction--structure--building,GnF4AgoGbXB5LW9yKIAgEmIYAwgBIlwJoj7QGsICBA9SBxIgCDoEKAMYBNYBAwgEMgA4BwgAEggQBDgcCggQGgAMGAdSBBAHIg0AACAHAAQPAw8EIRtxFw8DERkXHwcbCAObAQ0IBoQBCQgAyQMEAAMZDw==,1861707897693270
"{'geometry': {'type': 'Point', 'coordinates': [39.261399392655, -6.8073736885593]}, 'id': '1860469291150464'}",construction--structure--building,Gip4AgoGbXB5LW9yKIAgEhsYAwgBIhUJrD7oHzIIAAS8AQgIABATAAXLAQ8=,1861707901026603
"{'geometry': {'type': 'Point', 'coordinates': [39.261399392655, -6.8073736885593]}, 'id': '1860469291150464'}",construction--structure--building,Gj14AgoGbXB5LW9yKIAgEi4YAwgBIigJvD74H4IBCAAMGAAQCAAIGhQICBAAKA4KAAgtCANZCwAAQAMnBwgP,1861707904359936
"{'geometry': {'type': 'Point', 'coordinates': [39.261399392655, -6.8073736885593]}, 'id': '1860469291150464'}",construction--structure--building,GiR4AgoGbXB5LW9yKIAgEhUYAwgBIg8J6APAIiIAGAMIBwcADw8=,1861707911026602
"{'geometry': {'type': 'Point', 'coordinates': [39.261399392655, -6.8073736885593]}, 'id': '1860469291150464'}",construction--structure--building,GiB4AgoGbXB5LW9yKIAgEhEYAwgBIgsJyD6sIRIEFwQIDw==,1861707914359935
"{'geometry': {'type': 'Point', 'coordinates': [39.261399392655, -6.8073736885593]}, 'id': '1860469291150464'}",construction--structure--building,GiJ4AgoGbXB5LW9yKIAgEhMYAwgBIg0JnCjKIBoEAAAIAwAP,1861707917693268
"{'geometry': {'type': 'Point', 'coordinates': [39.261399392655, -6.8073736885593]}, 'id': '1860469291150464'}",construction--structure--building,GiB4AgoGbXB5LW9yKIAgEhEYAwgBIgsJ+D+QIBIIBwAIDw==,1861707921026601
"{'geometry': {'type': 'Point', 'coordinates': [39.261399392655, -6.8073736885593]}, 'id': '1860469291150464'}",construction--structure--building,GiB4AgoGbXB5LW9yKIAgEhEYAwgBIgsJ/hGSGxIESgcADw==,1861707924359934
"{'geometry': {'type': 'Point', 'coordinates': [39.261399392655, -6.8073736885593]}, 'id': '1860469291150464'}",construction--structure--building,Gip4AgoGbXB5LW9yKIAgEhsYAwgBIhUJ0jT2JDoACAMAAwADAAAHBAAEAA8=,1861707927693267
"{'geometry': {'type': 'Point', 'coordinates': [39.261399392655, -6.8073736885593]}, 'id': '1860469291150464'}",construction--structure--building,GkB4AgoGbXB5LW9yKIAgEjEYAwgBIisJYsIgkgEMGQAfCA8EKQoSPAcICAgQACAXIj0JBxIAGAMABCAAEgAICwgP,1861707931026600
"{'geometry': {'type': 'Point', 'coordinates': [39.261399392655, -6.8073736885593]}, 'id': '1860469291150464'}",construction--structure--building,GscDeAIKBm1weS1vciiAIBK3AxgDCAEisAMJtAKkIaIMCBcoAFIYFBcIMQoABA8YAAggADIMEAAQDAAAmwEIFxIADBB+CEJCEAAIDyIPJAAgEA4XFGGKAWMWLwQhCx8lDyNRAzEEDws56AEyFgcQORwAFCoqBxQYBAgECAQQHhpaCTAfXg9GHyYAOBmYAReQATFuEkIYGA8IGBQICBcASRIpBBIIBwQQB0oAIAgYeiIiGBgAQiAgAC4iggEoIhgsBxAiPhkuL0QpOkeCAhkMEAgqFigkKggYHBAOIggADBgHrAEDGAAiAygAQgMQDbgCC5QBBxkbDwc6CxANAAsPAA8HAA8QPQAXEFEQEwclCCsqPQhBCB8YswEYPSJRCCcgNQgTEk0AcSC5BAhNDzUHSSFVDxMPQQATDxcAGxkNFzMHCw8dCB8HAP0BD0EDBwMXEQAHEAAgAxIMjgIDEBMABwAbAEEHAykHDxMHlwEIXQ8DYQchFRcTCAcXEwcLIREKBxgDggEHFwQHAykzBwAPDQcDAABBEwATJwAPJQADEBMIBBAMAAQyDwAbGSkAAycTFw8ACyAHBwMXDwmUA4MBIi8AAJQBBBAsBw8=,1861707934359933
"{'geometry': {'type': 'Point', 'coordinates': [39.261399392655, -6.8073736885593]}, 'id': '1860469291150464'}",construction--structure--building,GiR4AgoGbXB5LW9yKIAgEhUYAwgBIg8JjgKcISIIDwwAChgNAA8=,1861707937693266
"{'geometry': {'type': 'Point', 'coordinates': [39.261399392655, -6.8073736885593]}, 'id': '1860469291150464'}",construction--structure--building,Gid4AgoGbXB5LW9yKIAgEhgYAwgBIhIJAJAgMigQChoVCAcABxgLAA8=,1861707941026599
"{'geometry': {'type': 'Point', 'coordinates': [39.261399392655, -6.8073736885593]}, 'id': '1860469291150464'}",construction--structure--building,GjJ4AgoGbXB5LW9yKIAgEiMYAwgBIh0JygT8I1oEAAQABAAEAAQAAAgDAAMAAwADAAMADw==,1861707944359932
"{'geometry': {'type': 'Point', 'coordinates': [39.261399392655, -6.8073736885593]}, 'id': '1860469291150464'}",construction--structure--building,GjB4AgoGbXB5LW9yKIAgEiEYAwgBIhsJrAnaJVIIEVYIGBomCAAgJRAvBzUXDxcEBw8=,1861707947693265
"{'geometry': {'type': 'Point', 'coordinates': [39.261399392655, -6.8073736885593]}, 'id': '1860469291150464'}",construction--structure--building,GiB4AgoGbXB5LW9yKIAgEhEYAwgBIgsJwgT8IxIIBwAIDw==,1861707951026598
"{'geometry': {'type': 'Point', 'coordinates': [39.261399392655, -6.8073736885593]}, 'id': '1860469291150464'}",nature--sky,GocBeAIKBm1weS1vciiAIBJ4GAMIASJyCYgcgh6iAwQHAEEEBwBBBA8ALwQZCOMBFpcCFAgMGgAQEBgAGAgKCDAOEAQiHEAIMhxCBCAOEBRSGDIUShIgCAAIIgwIDCAAEC0iRwcNGAAgFwAAHwMPBwAAIQMfCwcHGAQYACIHGBkAExcfDzUJAxcP,1861707954359931
"{'geometry': {'type': 'Point', 'coordinates': [39.261399392655, -6.8073736885593]}, 'id': '1860469291150464'}",nature--sky,Gih4AgoGbXB5LW9yKIAgEhkYAwgBIhMJ+iycGTJgFyQYAwgPACkgIwAP,1861707957693264
"{'geometry': {'type': 'Point', 'coordinates': [39.261399392655, -6.8073736885593]}, 'id': '1860469291150464'}",nature--sky,Gnd4AgoGbXB5LW9yKIAgEmgYAwgBImIJyiO6G+oCCBcaByQxKgcIDwAXBxEEDwwAJCceBwQRLCc+AAwYOggUGkIIFBhGCBgYPgoEGBsgezIPGBMAISAvEgMQJQgLGD0QAxcTHyMAISErCA8XFQAbKhMHBwkHBwkADw==,1861707961026597
"{'geometry': {'type': 'Point', 'coordinates': [39.261399392655, -6.8073736885593]}, 'id': '1860469291150464'}",nature--sky,Gr0BeAIKBm1weS1vciiAIBKtARgDCAEipgEJpCH2HPoEGwgRBwsXEwcHFxsPABEVBx83FxEhNw8HFzEXDxkxIycHGTEvBxcjKRkvBwAvWQARGS8AGQsfBA8uBzQYYBAsGiQARiAqACgYWggmGjgAHggYGEYIFBg+CCQaUggMGB4IJAAMGiYQAxAhEBMYDwAXIhkIAxAfEAcaFQgLGC8QHQA/QgMQFQgDCAMABwAfABgIByIHAAcYMSALGgMgBwgP,1861707964359930
"{'geometry': {'type': 'Point', 'coordinates': [39.261399392655, -6.8073736885593]}, 'id': '1860469291150464'}",nature--sky,Gnd4AgoGbXB5LW9yKIAgEmgYAwgBImIJgh/qHeICETkXJwcpCw8pkwELDyObAQsPADEcCAQSGBAIGA4AECIoKAQQLioIGBQIIDoWCAgYFAgMGhgIChgQAAwgGAgAEhQIChgRMg8QFxA1Bw8IDxATMgMIAwgxYRMHDw==,1861707967693263
"{'geometry': {'type': 'Point', 'coordinates': [39.261399392655, -6.8073736885593]}, 'id': '1860469291150464'}",nature--sky,GrICeAIKBm1weS1vciiAIBKiAhgDCAEimwIJsCXWHMoHBA8IAAgQHgcIDyQHFCEqBxgXGAAaISQHBA8UByIAIB8uBxAZEAAcF2QQBA8xDwAPCAcmADgpbBdSKRgAEA8kABc6B2IHEBcABxAtGkUQDw8TCAMHAzEVCAMQEioACAMICQgDDwMHAAcDBwMHAwkHFx8AAyIECAQIBAgEEAAQdyIHKAQqA1AIMiYYDBoAEBwACBcWCACKAQcaEQADEBcIEw8bABEZLwdhP38RAC8ABxgHDhkQBwQfIQAbMAASBxAAKEkPLyAARwgJCCcEIBASDAkIFzIHCBcYBwARHwAAEgcIOQADGQcAAwAHAA8ACQALAA8PDwm0Ag8iSQADGAQIPg8PCVovEjUIKAgPCUYxEh8IHAoP,1861707971026596
"{'geometry': {'type': 'Point', 'coordinates': [39.261399392655, -6.8073736885593]}, 'id': '1860469291150464'}",nature--sky,GkV4AgoGbXB5LW9yKIAgEjYYAwgBIjAJmCW8HmoDOQcPFQgDHxY5GAcMCAgICAgMIAQqABgDGg8JI1sqDxIAEBQICA8DGQ8=,1861707974359929
"{'geometry': {'type': 'Point', 'coordinates': [39.261399392655, -6.8073736885593]}, 'id': '1860469291150464'}",nature--sky,GiJ4AgoGbXB5LW9yKIAgEhMYAwgBIg0JnDnOHBoLAAAPEAgP,1861707977693262
"{'geometry': {'type': 'Point', 'coordinates': [39.261399392655, -6.8073736885593]}, 'id': '1860469291150464'}",nature--sky,GiR4AgoGbXB5LW9yKIAgEhUYAwgBIg8J4jm2HCIDERAKAAgDAA8=,1861707981026595
"{'geometry': {'type': 'Point', 'coordinates': [39.261399392655, -6.8073736885593]}, 'id': '1860469291150464'}",nature--sky,GiJ4AgoGbXB5LW9yKIAgEhMYAwgBIg0J4jj2HBoEBwQIABIP,1861707984359928
"{'geometry': {'type': 'Point', 'coordinates': [39.261399392655, -6.8073736885593]}, 'id': '1860469291150464'}",nature--sky,GjZ4AgoGbXB5LW9yKIAgEicYAwgBIiEJojeIHWoMERgIIhccAAQQAxonKA0iCwgAEA8ICwcDFw8=,1861707987693261
"{'geometry': {'type': 'Point', 'coordinates': [39.261399392655, -6.8073736885593]}, 'id': '1860469291150464'}",nature--sky,GiJ4AgoGbXB5LW9yKIAgEhMYAwgBIg0J8jiYHRo6DwAoHwAP,1861707991026594
"{'geometry': {'type': 'Point', 'coordinates': [39.261399392655, -6.8073736885593]}, 'id': '1860469291150464'}",nature--sky,Gkp4AgoGbXB5LW9yKIAgEjsYAwgBIjUJzDn+HLIBGhcIBwgABAcEAAQHBAAIBwQHBAdeCACKAQNsPyEDFwwPBwctAAsREwoRAAMJDw==,1861707994359927
"{'geometry': {'type': 'Point', 'coordinates': [39.261399392655, -6.8073736885593]}, 'id': '1860469291150464'}",nature--sky,Gix4AgoGbXB5LW9yKIAgEh0YAwgBIhcJlj+6GzpSIhgJAMYBDwAdGTsqA9UBDw==,1861707997693260
"{'geometry': {'type': 'Point', 'coordinates': [39.261399392655, -6.8073736885593]}, 'id': '1860469291150464'}",nature--sky,GjN4AgoGbXB5LW9yKIAgEiQYAwgBIh4Jlj/iHVpqIQDeARsQCxcZAAcPGwkDNwcPABEIBw8=,1861708001026593
"{'geometry': {'type': 'Point', 'coordinates': [39.261399392655, -6.8073736885593]}, 'id': '1860469291150464'}",nature--sky,Gip4AgoGbXB5LW9yKIAgEhsYAwgBIhUJwiTIHToICAQiCAgAIAcSFwgDQQ8=,1861708004359926
"{'geometry': {'type': 'Point', 'coordinates': [39.261399392655, -6.8073736885593]}, 'id': '1860469291150464'}",nature--sky,Gjl4AgoGbXB5LW9yKIAgEioYAwgBIiQJANwbenoIBzATIgAQBwAPKAcACzIREAtCDCAIAAYiCSAjIA8=,1861708007693259
"{'geometry': {'type': 'Point', 'coordinates': [39.261399392655, -6.8073736885593]}, 'id': '1860469291150464'}",nature--sky,GiJ4AgoGbXB5LW9yKIAgEhMYAwgBIg0JnjbiHRoAEAsAAA8P,1861708011026592
"{'geometry': {'type': 'Point', 'coordinates': [39.261399392655, -6.8073736885593]}, 'id': '1860469291150464'}",nature--sky,GqYDeAIKBm1weS1vciiAIBKWAxgDCAEijwMJwAWMGfIKJjkcDwQPIBkGDxQHEB8MAAgZGA8GDxQHBA8YEQQPRjcMGRAAFh8UAAgXHAcMGR4HEBccBwQPGhEUABAXHAcWFxwHEBkgBxYXKAcUFyoJFBcyDwgPMAcODygRHAAiF44BObQCB5wBCJwBGkogQAgQEEYSHhggAG5CJggUGCAIFhgkCBQaEAA+KAgQRioQGBoIEBoYCAwYGggQGBgIGCIWCAQQIBAIGgwIABAXEKsBGDkaLwBVIKMBIIcBOjUICxCnATpNKBcADxInACUYSQgTDzEHcQDhARl1CkYIOhggBywQ/gEQIggcGhwAEjAAEBEqAEoHGBMHBxcXEEEXbRGPATKXARg3GiUARSBdEAcHAB8QOQODARMfJwcdHxcIDyADKhEYABAKACBKBBADGB8IFSIDGAcAAwcDBxMXKQgTKRsADzoVCOcBMSVhDwcjUQkABh8IBwApIRcTAA8XFwcVGQAPJhcLIUkKHRgPCbYM9gESA0oIAA8JuQc5MgMgBBoQIBQPDFEfDw8=,1861708014359925
"{'geometry': {'type': 'Point', 'coordinates': [39.261399392655, -6.8073736885593]}, 'id': '1860469291150464'}",nature--sky,GqwBeAIKBm1weS1vciiAIBKcARgDCAEilQEJyBKSG9oDMAciIRQAGBdoMRgXFAAMD2Ix6gKJATwHcClEBxoPhgEXLgAkKAAyABADKAAIAzoDQgAQAzoAKAMiADADGAAqAyADpAEHSgsXBwANIRsPBxcjKRUnBykLD4ECGjlIQyotMD0aDyErCCEXgQEnLSEfAEEfFwAhF3khBxcAHw8Jkgm0ASoHCAMYGhcAMQcIDw==,1861708017693258
"{'geometry': {'type': 'Point', 'coordinates': [39.261399392655, -6.8073736885593]}, 'id': '1860469291150464'}",nature--sky,Gu0FeAIKBm1weS1vciiAIBLdBRgDCAEi1gUJAACSEIBAAAC8GZ8BDxMXEwgAIAgIXgAoEBoaIAAArAFtBwc5ER9RCAOnAgMPBwgDCADeAQNKLwgNBwQhRwA5GhMYMRcbAAcQCwAJAAsAJwgHBwMxAx8ADwMHBxEFIgM4Iwo5CQAPFgcUL1kJAxIQCAQYZRAhKiMQAxAhAAMQCwhlIg8YABAHAAQXAAcEHwcJFwAVKg8AHylVLyEhDwALFyMPBQ8XBycpQRcHDzEPExkxDzNRAxcPBwMHISEPABsalwEJGwoJEB8AAwADBxsIBwhJABkQVQivATKHA7QBRTg9AAsPRQcTFz0HFxk1Bx8XRQcHFxMHAxksJyYHODkqDwQPMA8KGSQHCBcQABYhGAcEDywPCBcOBy0AAxALCB8AFRgnEAMSIQgLGBMIBxAbAAkQHwpNUBsKFyAVCAMQGwg1BwMPCwc9Bw8XPQkbF0EHNx8tABMZNQcHD2kPqwFBIwAtF0UHTSFRBwsPGwcDBw8HGSkXDw8fJSEDDzs3AxHlAeMBCwAPGQ0AQz8dCR8fDwAVFy8XBxEtDwcPIwctIRcAGxc5BxsXQQcLDx0JZQcvF78CB28QLxhlCiEYVQgTGEEICxAzCg0QQxi1AXIbIhcIFyANAA8aCwCNApYCBxglIA8iCwAHGBcQHTIXEAcYBwADEjlABxoHABMoFRATMiMACxgAMhEgP0IdACMYKQ8rADknaRldJ0kHDwnsMqED8gIACAgHJggEEBAIHAAiIkoAAxEZBwMPDwdFBwcPGwBdKU0Iey8/B8cCCJMBIBcYKQhZOlEHFxgbACkiLwgJGCsIABoUAAwRUgcmFywANh86ABwZ/AJJsAIARggEEhwITgcPCdYIhgUSBxAMAA8J8wfNApIBZQgYIC4ILCA+AJwBIl4AShhuCAgPDwdJBwsPNQcTEWUPLRc/AA8JjgG8ASpNAAcQDAhOAEYPDwmkARgSfQp+CA8=,1861708021026591
"{'geometry': {'type': 'Point', 'coordinates': [39.261399392655, -6.8073736885593]}, 'id': '1860469291150464'}",nature--terrain,GuEBeAIKBm1weS1vciiAIBLRARgDCAEiygEJ0CagJfIFPhAUIFIaGBhCGBgahAEgFCh2GhIQNAgyIPYBKm4oVg9uCEYaTgBiET4nbgAMFxoHOABOKU4HIB8mCRwXTgcUEAgaDgAECBEIAxAbCBMYGwglIjEIHxiFASJJICkANxhjEA8SjQIQ3QEXAwlxD4cBJw8HAwAXBwsACwkDAAkPDwArH1UHDxctCQMAExcpBwcADxcjBxkHAxEfBw8HBw8hBwsHDxcPABkJBwcHDwsAAwAHBwMACxcEAAMPEQALEQMPCwAP,1861708024359924
"{'geometry': {'type': 'Point', 'coordinates': [39.261399392655, -6.8073736885593]}, 'id': '1860469291150464'}",nature--terrain,Gkl4AgoGbXB5LW9yKIAgEjoYAwgBIjQJ8jneJLIBBGk2CDQpBA8MAARaFgAAWRQABBA6CgQICAAMCAAIDyA1GjVAJxADCj0IAxkP,1861708027693257
"{'geometry': {'type': 'Point', 'coordinates': [39.261399392655, -6.8073736885593]}, 'id': '1860469291150464'}",nature--vegetation,Gp0DeAIKBm1weS1vciiAIBKNAxgDCAEihgMJ0B3kHoILAB8OF0gILiEADwwPIgcQBxQIMmIEBwQHFDEQDxAHNggYDxAPEjEoABwQLgcMBwQPIAcuKQRJGwcZIjMIKTgbCAMHAA8IBwQfDBkyHwgXCAAIIQgACAcEAAQHFgcED0BBHgAEIgcQKQgXIBMAABBaCCAfFAgEEAoACAgIChQIHCkWABAYLAciIiQAFCAEGAsSABAHAAMQAwgEKgAIAxALBxcIFToEIBYHCBAEOiEYIwAfIAkyBwgLrAEA1gEMegMQCwADDwsHAA8DxwIISQB5BxEELwcXFxgVlAEDUASsAQeEAQQgAwADBwNhD2kEowEHFy0gB4QBGxkAPw8hHRcnEBNCDGoDGAMIAwoDAAsJBR8DWQ8QBzIPCAcPCwAAGQMPAAcDDw0QBwgfLxsHESEAJxMHByEAJxMHDCAXOgcAABAZEA8qEwAPahMHBRAPCB8HBA8HDwcIBBgLMAcACRcHqwFNQQMvCAcAMQ8J7gabAToPKgRCGAcIEQAfBwcDIQ8=,1861708031026590
"{'geometry': {'type': 'Point', 'coordinates': [39.261399392655, -6.8073736885593]}, 'id': '1860469291150464'}",nature--vegetation,Gix4AgoGbXB5LW9yKIAgEh0YAwgBIhcJkB3UHkIIFwAhFAcAIggABBAAIBsIDw==,1861708034359923
"{'geometry': {'type': 'Point', 'coordinates': [39.261399392655, -6.8073736885593]}, 'id': '1860469291150464'}",nature--vegetation,GiZ4AgoGbXB5LW9yKIAgEhcYAwgBIhEJ4jnaHSoUCQwSBxALAAsHDw==,1861708037693256
"{'geometry': {'type': 'Point', 'coordinates': [39.261399392655, -6.8073736885593]}, 'id': '1860469291150464'}",nature--vegetation,GkV4AgoGbXB5LW9yKIAgEjYYAwgBIjAJuD7kHqIBHAcgCBoYBBIYEBxyAyIrCAcAAEoDAA0JACcHDxMHBxkHAAAPCxcHAA8=,1861708041026589
"{'geometry': {'type': 'Point', 'coordinates': [39.261399392655, -6.8073736885593]}, 'id': '1860469291150464'}",nature--vegetation,Gih4AgoGbXB5LW9yKIAgEhkYAwgBIhMJ4D+QIDIDDwhRHA8AagcIDwcP,1861708044359922
"{'geometry': {'type': 'Point', 'coordinates': [39.261399392655, -6.8073736885593]}, 'id': '1860469291150464'}",nature--vegetation,GiZ4AgoGbXB5LW9yKIAgEhcYAwgBIhEJoj6GHyoKCQhsBwAAQQkPDw==,1861708047693255
"{'geometry': {'type': 'Point', 'coordinates': [39.261399392655, -6.8073736885593]}, 'id': '1860469291150464'}",nature--vegetation,Gih4AgoGbXB5LW9yKIAgEhkYAwgBIhMJyAqiGzIQFyAQC1ITEA8fAxkP,1861708051026588
"{'geometry': {'type': 'Point', 'coordinates': [39.261399392655, -6.8073736885593]}, 'id': '1860469291150464'}",nature--vegetation,GowCeAIKBm1weS1vciiAIBL8ARgDCAEi9QEJAPQesgckHwofBSEHAAsfDEESDwwxCAAQJwgAAA8UIQgvGilSSRw3JBkOFwwABA8LDwARFCcsACoQJBceAEBBEh8AMQwXJAAeIBQIDBoIOAwaCAAIEB4XSgkMIiUYABAWGhgIEBgUACIYACoHCAUgCgAkUhAIJmIMOgMQBDIkUiYQDCADIhUwiQFkE2INGB8PIwAhEAcQDwBBQX0HCw8RAAcYAJwBCwAADwsPADEHHxcAAxAJAAcyExhRFycABxgHAAkXCwAHEA8IDwADAAAPCwcdAAcZAD8YIQAfBw8HBzsICREDKgcQACALGgcAJwcJGScPDw==,1861708054359921
"{'geometry': {'type': 'Point', 'coordinates': [39.261399392655, -6.8073736885593]}, 'id': '1860469291150464'}",object--wire-group,GiB4AgoGbXB5LW9yKIAgEhEYAwgBIgsJrCWgHRIEDwQYDw==,1861708057693254
"{'geometry': {'type': 'Point', 'coordinates': [39.261399392655, -6.8073736885593]}, 'id': '1860469291150464'}",nature--vegetation,Gkx4AgoGbXB5LW9yKIAgEj0YAwgBIjcJ5AreHLoBCAAEFxYhIAcEFwMPH0kJAAAPEhcEKRAfGAceICgIFCAEhAEPOgAgCAgvIFkKHRkP,1861708061026587
"{'geometry': {'type': 'Point', 'coordinates': [39.261399392655, -6.8073736885593]}, 'id': '1860469291150464'}",nature--vegetation,GkB4AgoGbXB5LW9yKIAgEjEYAwgBIisJ7gScJIoBBIEBCBcSCQwiFAgIGBQHFhgIIgRiCyAJOiMYAxAnABUfA3kP,1861708064359920
"{'geometry': {'type': 'Point', 'coordinates': [39.261399392655, -6.8073736885593]}, 'id': '1860469291150464'}",object--wire-group,GoMFeAIKBm1weS1vciiAIBLzBBgDCAEi7AQJthyQGPoSBA8AMQQPAB8EKQAfBFEcCAwQUghOIkYILhgkAKwBQmoQCBA2CBQaLgA4IEIIHBg+ChAYPggMCAQQNggcBwQPFgcYHxwJTk8gCQoPHAAIDxQHDBciBwQRKA8WFyAADAcEDy4ADQgHGCsQAxAXCBUiDwAHGCMICRovEAMQKRA3OiUIKygEGhQICBhGCCAYNggYGj4IFBhGCAwQPgBGN4gDswGwATFWBxoPSgAdMBsSDxgdCA8YGwgTGjEQIxdfGDMAIRgjAA8QFwBRKmsYNyolAAcIABAyEAMQYw8bGA8ADxotCB8gIQATCAMQIwgZIhcAFxgpCBMiIwgHEB0IBw8ADwwRPg8MFyYHBA8wESIfFAAQF3wxHB8DFz0JFxdFBxMXQQcTGTkHCxc9ACsoAxIdCCMoCwADEAgSABgHECkIIzIZCAcYEwcfIFkHAA8UABgfKgcIDwMhMA8MFxYHCBkgDwQPGgcYIRAAFBciDwQPJQ8LGSMAHQcLF1EHIxk9BxMXRQcXFx0HNwAlGVkHJxcpAEUfIwArGV8PMxctCAMQDCAAGhowABIwWggAGjAkKggYMjAIGiQoGjIYEBgyEAgiOBgSIDgWCAASHBAIGBQIDBgSCBwHBAgcByo3NAcaIRwIA0otKh8IAxALCC0IGw8nAAkXEwcAERcHCx8PAAkXFwcLGRMHBxcVBx85EwcHFy0pAw8nJw8hDQAHFxcPAxEbBwAyDBAknAEMECqUAQwQCCoYKBI6IQgLEAsfCwcHIQcAER8TSRcxE1ENDwMfG0EHMRs/AyENDwcvBwkAFw8XAA8LGRMHDw==,1861708067693253
"{'geometry': {'type': 'Point', 'coordinates': [39.261399392655, -6.8073736885593]}, 'id': '1860469291150464'}",object--wire-group,GiB4AgoGbXB5LW9yKIAgEhEYAwgBIgsJjiLCGxIIAAcIDw==,1861708071026586
"{'geometry': {'type': 'Point', 'coordinates': [39.261399392655, -6.8073736885593]}, 'id': '1860469291150464'}",object--wire-group,GiZ4AgoGbXB5LW9yKIAgEhcYAwgBIhEJsCXWHCoEGBAQAAoTAAMpDw==,1861708074359919
"{'geometry': {'type': 'Point', 'coordinates': [39.261399392655, -6.8073736885593]}, 'id': '1860469291150464'}",object--wire-group,GiJ4AgoGbXB5LW9yKIAgEhMYAwgBIg0JvCWwHRoQCAAYAwAP,1861708077693252
"{'geometry': {'type': 'Point', 'coordinates': [39.261399392655, -6.8073736885593]}, 'id': '1860469291150464'}",object--wire-group,GiR4AgoGbXB5LW9yKIAgEhUYAwgBIg8J2iW4HSIQDwcoBwoAEQ8=,1861708081026585
"{'geometry': {'type': 'Point', 'coordinates': [39.261399392655, -6.8073736885593]}, 'id': '1860469291150464'}",object--wire-group,Gix4AgoGbXB5LW9yKIAgEh0YAwgBIhcJjjuWGkIEAAQyCAgoBwMQFwAPGAsADw==,1861708084359918
"{'geometry': {'type': 'Point', 'coordinates': [39.261399392655, -6.8073736885593]}, 'id': '1860469291150464'}",object--wire-group,Gnt4AgoGbXB5LW9yKIAgEmwYAwgBImYJ1DKQFeoCTQgbBwMRRQevAgD7AkobGjkANSArACUYUQgLEhMAABksBwoXMAcqIRwAGBdSCFo5KgcYF5QBH8gCB0AIfDBOB14qHAAIEEYIEAgEEBoIBBJJACEhGwAPBwMPJQcHAA8=,1861708087693251
"{'geometry': {'type': 'Point', 'coordinates': [39.261399392655, -6.8073736885593]}, 'id': '1860469291150464'}",object--wire-group,Gj94AgoGbXB5LW9yKIAgEjAYAwgBIioJ6iWgHYoBBAcIDwAJCAAEGjoACAcAESAAABIXCAcYMQgHGAsKDxEDHw8=,1861708091026584
"{'geometry': {'type': 'Point', 'coordinates': [39.261399392655, -6.8073736885593]}, 'id': '1860469291150464'}",object--wire-group,Gih4AgoGbXB5LW9yKIAgEhkYAwgBIhMJlj+oHTI8KR4aEAAAKGkiAzEP,1861708094359917
"{'geometry': {'type': 'Point', 'coordinates': [39.261399392655, -6.8073736885593]}, 'id': '1860469291150464'}",object--wire-group,Gi54AgoGbXB5LW9yKIAgEh8YAwgBIhkJgEC8GUoAMh8AGRknD10ABwcAHxQHFBgP,1861708097693250
"{'geometry': {'type': 'Point', 'coordinates': [39.261399392655, -6.8073736885593]}, 'id': '1860469291150464'}",object--wire-group,GiZ4AgoGbXB5LW9yKIAgEhcYAwgBIhEJ0huQHSoGIQgHADIZGAQXDw==,1861708101026583
"{'geometry': {'type': 'Point', 'coordinates': [39.261399392655, -6.8073736885593]}, 'id': '1860469291150464'}",object--wire-group,GiZ4AgoGbXB5LW9yKIAgEhcYAwgBIhEJpCXQHSoIAAQaBxATBwAPDw==,1861708104359916
"{'geometry': {'type': 'Point', 'coordinates': [39.261399392655, -6.8073736885593]}, 'id': '1860469291150464'}",object--wire-group,GiR4AgoGbXB5LW9yKIAgEhUYAwgBIg8J6CfeHCILED0QAwcEFw8=,1861708107693249
"{'geometry': {'type': 'Point', 'coordinates': [39.261399392655, -6.8073736885593]}, 'id': '1860469291150464'}",object--wire-group,GiB4AgoGbXB5LW9yKIAgEhEYAwgBIgsJtii+HBINECcHDw==,1861708111026582
"{'geometry': {'type': 'Point', 'coordinates': [39.261399392655, -6.8073736885593]}, 'id': '1860469291150464'}",object--wire-group,GiB4AgoGbXB5LW9yKIAgEhEYAwgBIgsJ7iicHBIDEhsJDw==,1861708114359915
"{'geometry': {'type': 'Point', 'coordinates': [39.261399392655, -6.8073736885593]}, 'id': '1860469291150464'}",object--wire-group,GiB4AgoGbXB5LW9yKIAgEhEYAwgBIgsJqjuWGhIEEAsADw==,1861708117693248
"{'geometry': {'type': 'Point', 'coordinates': [39.261399392655, -6.8073736885593]}, 'id': '1860469291150464'}",object--wire-group,GkN4AgoGbXB5LW9yKIAgEjQYAwgBIi4JujPYF5IBgAEgQAAuGGYQFBI2CAwQSggQCAcQbQdJF10AmwEhPQArHy0HFx8P,1861708121026581
"{'geometry': {'type': 'Point', 'coordinates': [39.261399392655, -6.8073736885593]}, 'id': '1860469291150464'}",object--wire-group,GiZ4AgoGbXB5LW9yKIAgEhcYAwgBIhEJyDW0GSpKCEUQTQALBwgPDw==,1861708124359914
"{'geometry': {'type': 'Point', 'coordinates': [39.261399392655, -6.8073736885593]}, 'id': '1860469291150464'}",object--wire-group,GiB4AgoGbXB5LW9yKIAgEhEYAwgBIgsJ0jvIGhIKAAkIDw==,1861708127693247
"{'geometry': {'type': 'Point', 'coordinates': [39.261399392655, -6.8073736885593]}, 'id': '1860469291150464'}",object--wire-group,GpgBeAIKBm1weS1vciiAIBKIARgDCAEigQEJmjfCG+IDCAAADxAXZiEMBwQPIgAEDyQPIilmDwMXDwcEEVoKEzAVCAAQOgokCQBkA5IBACJdBwARFwADCgMABwAPCQQSAwApBw8QAwgPBwAQDAAAGAgABAgIAAAIAxI5EAcPABEDBwMIFy8bAB0wBwADDxsAIRgXBwsSA1EIQQ8=,1861708131026580
"{'geometry': {'type': 'Point', 'coordinates': [39.261399392655, -6.8073736885593]}, 'id': '1860469291150464'}",object--wire-group,GiB4AgoGbXB5LW9yKIAgEhEYAwgBIgsJtjfUGRIAEn0HDw==,1861708134359913
"{'geometry': {'type': 'Point', 'coordinates': [39.261399392655, -6.8073736885593]}, 'id': '1860469291150464'}",object--wire-group,GiB4AgoGbXB5LW9yKIAgEhEYAwgBIgsJtDLoFxIQCAQYDw==,1861708137693246
"{'geometry': {'type': 'Point', 'coordinates': [39.261399392655, -6.8073736885593]}, 'id': '1860469291150464'}",object--wire-group,Gi94AgoGbXB5LW9yKIAgEiAYAwgBIhoJhDDoF0ogAAoPHAmYAQpFSDkiEwALGTkvDw==,1861708141026579
"{'geometry': {'type': 'Point', 'coordinates': [39.261399392655, -6.8073736885593]}, 'id': '1860469291150464'}",object--wire-group,GtYDeAIKBm1weS1vciiAIBLGAxgDCAEivwMJ5gT4F5INFDEWDxQnCAAIGTo/BBEIAAgXGA8eMRgPCBcMABAhJh8IF44ClQIMABAZDgAYHxgHHCG2AXFEFw4PNAkMD0IHFBdWByIXZgkwF3APwAIIMBhmCB4KDBBCCBwYOggcGBgALiIkCAgQLhAIEjAYFhgQACAgHgpEQA4AEBoMAOYB5AEEEjw4BBAmIhAgGBAaKgMwCWQHEAdqIyctAIUBGBkQQwhvKjsI6QKKAWEyCxATABcYZzIXGBMAISIvCAMPAzEHGBEvGwAbGSEH/QEPKw8fCDkXRQd2CeIBGnIAMggUEEoHJhcoABARGABOJ6gBOQwPNgeIATmkAR9WHzAAOhmsARcYDwAPCwcHGR8PAw8VBxchFwcPFxkHCxcXBw8ZGQcPF0UpBw89Jw8AExkjBxUXHwcTFyUHbUEfAB0XRREPDz8HSR+bARmbAQezAgiNATohGBsAJxINEC8IBxAxEBMYKQoTGCcIFRgfCA8aGwgVGBsIDxgTABkSAxAbCA8YHQgLGhsIBxgTABUgDwALGkU4AxAXEgMQEwgFEBcQBxoLAA8gEwgFEB8aAxAbECU6BwALGQc3CxkTBw8=,1861708144359912
"{'geometry': {'type': 'Point', 'coordinates': [39.261399392655, -6.8073736885593]}, 'id': '1860469291150464'}",object--wire-group,Gjl4AgoGbXB5LW9yKIAgEioYAwgBIiQJALoYekoIXihqGjooEygAEgwQAxALAA0YIxobOFFKGSp5Bw8=,1861708147693245
"{'geometry': {'type': 'Point', 'coordinates': [39.261399392655, -6.8073736885593]}, 'id': '1860469291150464'}",object--wire-group,GiR4AgoGbXB5LW9yKIAgEhUYAwgBIg8Jkj+SGyJuCAA4FwpRIQ8=,1861708151026578
"{'geometry': {'type': 'Point', 'coordinates': [39.261399392655, -6.8073736885593]}, 'id': '1860469291150464'}",void--ego-vehicle,Gih4AgoGbXB5LW9yKIAgEhkYAwgBIhMJyjOaMzImAAwIABBBICcHAB8P,1861708154359911
"{'geometry': {'type': 'Point', 'coordinates': [39.261399392655, -6.8073736885593]}, 'id': '1860469291150464'}",void--ego-vehicle,Gq0DeAIKBm1weS1vciiAIBKdAxgDCAEilgMJAM4vggzIARegAkkwIh4wCAAMIggACBggIAQQEgoEEDwgBCIWMAwAMDoaCBw6DAAaIDAYCBBiKhoYQBgmKjAYCBBoIhwgDAAIKi4IEBhmCFJJBB8IByYPugIQ3gIAQCFKBy4XVg9AAC4YPgAwDwgPMhkEDxwPBA8IABYpCAAEDxwfBEEMBwgXEgcIGV5ZBA8YDx4xCAAQHwRBFEkQDzoHGB8mGTwXIjEwACoqjgMA9AIfYhEQDzYAMCJSECooCBoQEDIQCAgEIAgABCIICAAoDBqUAZIBUjIIEBAAHiAQAE46aioMEFIozAFKWloSABQiHAgMGA4APEImCAwQWhBGDwuTARA/FBAIDxgAIjgMSgA6CBg+ACAXcgcmGTAHOj8yGSAfEAAIBwQZNgAQBwgXEgAEDyEHAw82ERAXIAcID5ABQU5JDAAYHxoHCA8UAAQZDA+EATE0TwoACBkUDwgXCAAIGQgACBcSBwQPGBccESoAFBIYOBBaGggUGkoQDBC8AQ9qCFYHPh9KAACoEPM/AAAPCwAP,1861708157693244
"{'geometry': {'type': 'Point', 'coordinates': [39.261399392655, -6.8073736885593]}, 'id': '1860469291150464'}",void--ground,GiZ4AgoGbXB5LW9yKIAgEhcYAwgBIhEJ5BucJCo8BwAQJwAAEhMgDw==,1861708161026577
"{'geometry': {'type': 'Point', 'coordinates': [39.261399392655, -6.8073736885593]}, 'id': '1860469291150464'}",void--ground,GiJ4AgoGbXB5LW9yKIAgEhMYAwgBIg0J4Ca4JRoMAAQQCwAP,1861708164359910
"{'geometry': {'type': 'Point', 'coordinates': [39.261399392655, -6.8073736885593]}, 'id': '1860469291150464'}",void--ground,GiJ4AgoGbXB5LW9yKIAgEhMYAwgBIg0J/CbaJRoSAAQQAwAP,1861708167693243
"{'geometry': {'type': 'Point', 'coordinates': [39.261399392655, -6.8073736885593]}, 'id': '1860469291150464'}",void--ground,GiR4AgoGbXB5LW9yKIAgEhUYAwgBIg8J7jmQJSIEMRgYBBobCA8=,1861708171026576
"{'geometry': {'type': 'Point', 'coordinates': [39.261399392655, -6.8073736885593]}, 'id': '1860469291150464'}",void--ground,Gih4AgoGbXB5LW9yKIAgEhkYAwgBIhMJxDmwJTIIDxIAA0oVBwgHBBkP,1861708174359909
"{'geometry': {'type': 'Point', 'coordinates': [39.261399392655, -6.8073736885593]}, 'id': '1860469291150464'}",void--ground,GiR4AgoGbXB5LW9yKIAgEhUYAwgBIg8J9DbsJiIOBwgYAAoNAA8=,1861708177693242
"{'geometry': {'type': 'Point', 'coordinates': [39.261399392655, -6.8073736885593]}, 'id': '1860469291150464'}",void--ground,GiZ4AgoGbXB5LW9yKIAgEhcYAwgBIhEJ6jnIJSoEDxwHCAgDEA8IDw==,1861708181026575
"{'geometry': {'type': 'Point', 'coordinates': [39.261399392655, -6.8073736885593]}, 'id': '1860469291150464'}",void--ground,GiZ4AgoGbXB5LW9yKIAgEhcYAwgBIhEJyjuqIyoqF0YIACALDw0IDw==,1861708184359908
"{'geometry': {'type': 'Point', 'coordinates': [39.261399392655, -6.8073736885593]}, 'id': '1860469291150464'}",void--ground,GiB4AgoGbXB5LW9yKIAgEhEYAwgBIgsJ9DvsIxIEAAMIDw==,1861708191026574
"{'geometry': {'type': 'Point', 'coordinates': [39.261399392655, -6.8073736885593]}, 'id': '1860469291150464'}",void--ground,GiJ4AgoGbXB5LW9yKIAgEhMYAwgBIg0Jwjy6IxoYDwAYFwAP,1861708194359907
"{'geometry': {'type': 'Point', 'coordinates': [39.261399392655, -6.8073736885593]}, 'id': '1860469291150464'}",void--ground,Gj14AgoGbXB5LW9yKIAgEi4YAwgBIigJuAHYIoIBEA8iAAQgBAgEABwHEAAWCAQyB0IHCBkAEw8TQQ8HESkP,1861708197693240
"{'geometry': {'type': 'Point', 'coordinates': [39.261399392655, -6.8073736885593]}, 'id': '1860469291150464'}",void--ground,GlN4AgoGbXB5LW9yKIAgEkQYAwgBIj4JrBneJNoBUg8YDz4AEA8IAAAQDBAOAAwPCDkcEAgaADATAAsgFwcDKg0YHyIbACEYEwAjIE0AAxcYOQNBDw==,1861708201026573
"{'geometry': {'type': 'Point', 'coordinates': [39.261399392655, -6.8073736885593]}, 'id': '1860469291150464'}",void--ground,Gip4AgoGbXB5LW9yKIAgEhsYAwgBIhUJ5gigJToUAAQAAAgGCAQAAAgVAA8=,1861708204359906
"{'geometry': {'type': 'Point', 'coordinates': [39.261399392655, -6.8073736885593]}, 'id': '1860469291150464'}",void--ground,GiB4AgoGbXB5LW9yKIAgEhEYAwgBIgsJwgigJRIcABsIDw==,1861708207693239
"{'geometry': {'type': 'Point', 'coordinates': [39.261399392655, -6.8073736885593]}, 'id': '1860469291150464'}",void--ground,Go4EeAIKBm1weS1vciiAIBL+AxgDCAEi9wMJpATuJOoLEgcEFwQHIAAAOQgHCBgDGgR6FiAoAAQPJBcKOQwfXhCYAQcUCAgQBCoDCAQwIAAIEh4QZgcQGDYYMAgmDwAfJQcXGVUHBxIfCQMXDAAUAAAXIAgeBwwQNAgOGBwaGAAUEEIAFBBWEEoiFxAyEBwHAA9OELoEB3IfTgAUETYHKB9SBz4htAEXIBdCBwAQBwgTABM6PRALECUAGyAAIggIcggWEBgAEBgHMhsQBxodCAMQGxAXICEIUToTADUiMwgZGFEgKzIlEAcQABoPIGUHNRAPED0IHyJRABchRQcPCAsaKRALEB8AJRgjADkaKzgDCBUSBCgPYiM6ACAHECEHAxIjCEEHcTktABMYKQcXHyMHEBkUCBAPHwcLHxMRCAAUJwAXCAAHKQgPCDkMFwRBHhcEDxEXHxEraYMBDxsQAxgtBwMXCwddHx0ADxgPABcYByAUEhAoDAAMIhoYABAPEDEfWWETBzFZMTEnQRAfE1EAORBBEy8HAAsXBzENFw8J3gaKARI9CD4KDwklrgcaEwgMAAgQDwmnAYcFSgMAAwADAAMAAAgEAAQABAAEAA8JZioqHwADEAgIMgAADw8J0AHWBBoHCAAYDAAPCRh5IgcQBBgMBwAXDwkOORoJCAASCgAPCRR7Igc6DAAYMQMPDw==,1861708211026572
"{'geometry': {'type': 'Point', 'coordinates': [39.261399392655, -6.8073736885593]}, 'id': '1860469291150464'}",void--unlabeled,GiB4AgoGbXB5LW9yKIAgEhEYAwgBIgsJkh60IRIEGAMSDw==,1861708214359905
"{'geometry': {'type': 'Point', 'coordinates': [39.261399392655, -6.8073736885593]}, 'id': '1860469291150464'}",void--unlabeled,GiJ4AgoGbXB5LW9yKIAgEhMYAwgBIg0J3BvuJBoIaQAYADoP,1861708217693238
"{'geometry': {'type': 'Point', 'coordinates': [39.261399392655, -6.8073736885593]}, 'id': '1860469291150464'}",void--unlabeled,GiB4AgoGbXB5LW9yKIAgEhEYAwgBIgsJiByKHhIEGAMKDw==,1861708221026571
"{'geometry': {'type': 'Point', 'coordinates': [39.261399392655, -6.8073736885593]}, 'id': '1860469291150464'}",void--unlabeled,GiJ4AgoGbXB5LW9yKIAgEhMYAwgBIg0J8iHMIRoEFwgHABAP,1861708224359904
"{'geometry': {'type': 'Point', 'coordinates': [39.261399392655, -6.8073736885593]}, 'id': '1860469291150464'}",void--unlabeled,GiB4AgoGbXB5LW9yKIAgEhEYAwgBIgsJ5iHeIRIEAAMIDw==,1861708227693237
"{'geometry': {'type': 'Point', 'coordinates': [39.261399392655, -6.8073736885593]}, 'id': '1860469291150464'}",void--unlabeled,GiB4AgoGbXB5LW9yKIAgEhEYAwgBIgsJ/iDiIBIODwQQDw==,1861708231026570
"{'geometry': {'type': 'Point', 'coordinates': [39.261399392655, -6.8073736885593]}, 'id': '1860469291150464'}",void--unlabeled,GiB4AgoGbXB5LW9yKIAgEhEYAwgBIgsJ9iDqIBIIBwcYDw==,1861708234359903
"{'geometry': {'type': 'Point', 'coordinates': [39.261399392655, -6.8073736885593]}, 'id': '1860469291150464'}",void--unlabeled,GjB4AgoGbXB5LW9yKIAgEiEYAwgBIhsJlh+cIVIQaRQACBgMAAsQBxcPCAR6CwcDFw8=,1861708237693236
"{'geometry': {'type': 'Point', 'coordinates': [39.261399392655, -6.8073736885593]}, 'id': '1860469291150464'}",void--unlabeled,GiB4AgoGbXB5LW9yKIAgEhEYAwgBIgsJiCHEIRIIAAciDw==,1861708241026569
"{'geometry': {'type': 'Point', 'coordinates': [39.261399392655, -6.8073736885593]}, 'id': '1860469291150464'}",void--unlabeled,GiB4AgoGbXB5LW9yKIAgEhEYAwgBIgsJ9iDuIRIACAMHDw==,1861708244359902
"{'geometry': {'type': 'Point', 'coordinates': [39.261399392655, -6.8073736885593]}, 'id': '1860469291150464'}",void--unlabeled,GiB4AgoGbXB5LW9yKIAgEhEYAwgBIgsJhiLCIxIQAA8IDw==,1861708247693235
"{'geometry': {'type': 'Point', 'coordinates': [39.261399392655, -6.8073736885593]}, 'id': '1860469291150464'}",void--unlabeled,GiJ4AgoGbXB5LW9yKIAgEhMYAwgBIg0JhiLKGxoXByAAAAgP,1861708251026568
"{'geometry': {'type': 'Point', 'coordinates': [39.261399392655, -6.8073736885593]}, 'id': '1860469291150464'}",void--unlabeled,GiB4AgoGbXB5LW9yKIAgEhEYAwgBIgsJqiPIIhIEIAMaDw==,1861708254359901
"{'geometry': {'type': 'Point', 'coordinates': [39.261399392655, -6.8073736885593]}, 'id': '1860469291150464'}",void--unlabeled,GiB4AgoGbXB5LW9yKIAgEhEYAwgBIgsJyCWsHhIEGQNSDw==,1861708257693234
"{'geometry': {'type': 'Point', 'coordinates': [39.261399392655, -6.8073736885593]}, 'id': '1860469291150464'}",void--unlabeled,GiJ4AgoGbXB5LW9yKIAgEhMYAwgBIg0JpiqyGxoKBwAQCQgP,1861708261026567
"{'geometry': {'type': 'Point', 'coordinates': [39.261399392655, -6.8073736885593]}, 'id': '1860469291150464'}",void--unlabeled,GiB4AgoGbXB5LW9yKIAgEhEYAwgBIgsJ8iX+HBIEAAAKDw==,1861708264359900
"{'geometry': {'type': 'Point', 'coordinates': [39.261399392655, -6.8073736885593]}, 'id': '1860469291150464'}",void--unlabeled,Gip4AgoGbXB5LW9yKIAgEhsYAwgBIhUJsCWIHToUAAMYDBAACA8HBwcDFw8=,1861708267693233
"{'geometry': {'type': 'Point', 'coordinates': [39.261399392655, -6.8073736885593]}, 'id': '1860469291150464'}",void--unlabeled,GiB4AgoGbXB5LW9yKIAgEhEYAwgBIgsJ2iX+HBIQAA8KDw==,1861708271026566
"{'geometry': {'type': 'Point', 'coordinates': [39.261399392655, -6.8073736885593]}, 'id': '1860469291150464'}",void--unlabeled,GiB4AgoGbXB5LW9yKIAgEhEYAwgBIgsJxCX+HBIMAAsKDw==,1861708274359899
"{'geometry': {'type': 'Point', 'coordinates': [39.261399392655, -6.8073736885593]}, 'id': '1860469291150464'}",void--unlabeled,GiB4AgoGbXB5LW9yKIAgEhEYAwgBIgsJyCXQHRIEAAAqDw==,1861708277693232
"{'geometry': {'type': 'Point', 'coordinates': [39.261399392655, -6.8073736885593]}, 'id': '1860469291150464'}",void--unlabeled,GiR4AgoGbXB5LW9yKIAgEhUYAwgBIg8J1CWwHSIKDwwAAAgPEA8=,1861708281026565
"{'geometry': {'type': 'Point', 'coordinates': [39.261399392655, -6.8073736885593]}, 'id': '1860469291150464'}",void--unlabeled,GiN4AgoGbXB5LW9yKIAgEhQYAwgBIg4J1CWuHxoG5QEAEgBIDw==,1861708284359898
"{'geometry': {'type': 'Point', 'coordinates': [39.261399392655, -6.8073736885593]}, 'id': '1860469291150464'}",void--unlabeled,GiJ4AgoGbXB5LW9yKIAgEhMYAwgBIg0JyCXoHxoEAAAQAwAP,1861708287693231
"{'geometry': {'type': 'Point', 'coordinates': [39.261399392655, -6.8073736885593]}, 'id': '1860469291150464'}",void--unlabeled,GiB4AgoGbXB5LW9yKIAgEhEYAwgBIgsJyCWeHxIAIAMfDw==,1861708291026564
"{'geometry': {'type': 'Point', 'coordinates': [39.261399392655, -6.8073736885593]}, 'id': '1860469291150464'}",void--unlabeled,GiN4AgoGbXB5LW9yKIAgEhQYAwgBIg4J2CbYHxoAzQEIHwAwDw==,1861708294359897
"{'geometry': {'type': 'Point', 'coordinates': [39.261399392655, -6.8073736885593]}, 'id': '1860469291150464'}",void--unlabeled,GiB4AgoGbXB5LW9yKIAgEhEYAwgBIgsJ0CbsHhIAfAN7Dw==,1861708297693230
"{'geometry': {'type': 'Point', 'coordinates': [39.261399392655, -6.8073736885593]}, 'id': '1860469291150464'}",void--unlabeled,Gip4AgoGbXB5LW9yKIAgEhsYAwgBIhUJ9imqGzoIAAgYIAAAECMAAxcHAA8=,1861708301026563
"{'geometry': {'type': 'Point', 'coordinates': [39.261399392655, -6.8073736885593]}, 'id': '1860469291150464'}",void--unlabeled,GiB4AgoGbXB5LW9yKIAgEhEYAwgBIgsJpirEHhIASgNJDw==,1861708304359896
"{'geometry': {'type': 'Point', 'coordinates': [39.261399392655, -6.8073736885593]}, 'id': '1860469291150464'}",void--unlabeled,GiB4AgoGbXB5LW9yKIAgEhEYAwgBIgsJuCqcHBIECAMADw==,1861708307693229
"{'geometry': {'type': 'Point', 'coordinates': [39.261399392655, -6.8073736885593]}, 'id': '1860469291150464'}",void--unlabeled,GiN4AgoGbXB5LW9yKIAgEhQYAwgBIg4J7DriIBoEAADuAQMADw==,1861708311026562
"{'geometry': {'type': 'Point', 'coordinates': [39.261399392655, -6.8073736885593]}, 'id': '1860469291150464'}",void--unlabeled,GjB4AgoGbXB5LW9yKIAgEiEYAwgBIhsJ5jmgJVIIDwQIHAc+BwAQCxAtEAcHGwgHBw8=,1861708314359895
"{'geometry': {'type': 'Point', 'coordinates': [39.261399392655, -6.8073736885593]}, 'id': '1860469291150464'}",void--unlabeled,GiR4AgoGbXB5LW9yKIAgEhUYAwgBIg8J8jnOHyIwBwoIABoFDw8=,1861708317693228
"{'geometry': {'type': 'Point', 'coordinates': [39.261399392655, -6.8073736885593]}, 'id': '1860469291150464'}",void--unlabeled,GiB4AgoGbXB5LW9yKIAgEhEYAwgBIgsJtCqaGxIEAAMIDw==,1861708321026561
"{'geometry': {'type': 'Point', 'coordinates': [39.261399392655, -6.8073736885593]}, 'id': '1860469291150464'}",void--unlabeled,GiB4AgoGbXB5LW9yKIAgEhEYAwgBIgsJvCqaGxIEDwQIDw==,1861708324359894
"{'geometry': {'type': 'Point', 'coordinates': [39.261399392655, -6.8073736885593]}, 'id': '1860469291150464'}",void--unlabeled,GiJ4AgoGbXB5LW9yKIAgEhMYAwgBIg0J9DLYGhoAGBoaHQAP,1861708327693227
"{'geometry': {'type': 'Point', 'coordinates': [39.261399392655, -6.8073736885593]}, 'id': '1860469291150464'}",void--unlabeled,GiB4AgoGbXB5LW9yKIAgEhEYAwgBIgsJmjeqGxIEBwAIDw==,1861708331026560
"{'geometry': {'type': 'Point', 'coordinates': [39.261399392655, -6.8073736885593]}, 'id': '1860469291150464'}",void--unlabeled,GjV4AgoGbXB5LW9yKIAgEiYYAwgBIiAJzjemJ2IaCI4BWQQHBAAKACgAExgxGA8aEwAXGFEgDw==,1861708334359893
"{'geometry': {'type': 'Point', 'coordinates': [39.261399392655, -6.8073736885593]}, 'id': '1860469291150464'}",void--unlabeled,GiB4AgoGbXB5LW9yKIAgEhEYAwgBIgsJ7jmuHBIIAAcIDw==,1861708337693226
"{'geometry': {'type': 'Point', 'coordinates': [39.261399392655, -6.8073736885593]}, 'id': '1860469291150464'}",void--unlabeled,GiV4AgoGbXB5LW9yKIAgEhYYAwgBIhAJsDnuHCIQAAOEAQB7CwAP,1861708341026559
"{'geometry': {'type': 'Point', 'coordinates': [39.261399392655, -6.8073736885593]}, 'id': '1860469291150464'}",void--unlabeled,GiJ4AgoGbXB5LW9yKIAgEhMYAwgBIg0J3jm2HBoEAAgACxAP,1861708344359892
"{'geometry': {'type': 'Point', 'coordinates': [39.261399392655, -6.8073736885593]}, 'id': '1860469291150464'}",void--unlabeled,GiJ4AgoGbXB5LW9yKIAgEhMYAwgBIg0JvDm8HhoMEAAQBwAP,1861708347693225
"{'geometry': {'type': 'Point', 'coordinates': [39.261399392655, -6.8073736885593]}, 'id': '1860469291150464'}",void--unlabeled,GiR4AgoGbXB5LW9yKIAgEhUYAwgBIg8JzDnmHCIECBYHGRgADw8=,1861708351026558
"{'geometry': {'type': 'Point', 'coordinates': [39.261399392655, -6.8073736885593]}, 'id': '1860469291150464'}",void--unlabeled,GiF4AgoGbXB5LW9yKIAgEhIYAwgBIgwJ8Dq0HhIEawOEAQ8=,1861708354359891
"{'geometry': {'type': 'Point', 'coordinates': [39.261399392655, -6.8073736885593]}, 'id': '1860469291150464'}",void--unlabeled,GiB4AgoGbXB5LW9yKIAgEhEYAwgBIgsJzDnQHRIECgMADw==,1861708357693224
"{'geometry': {'type': 'Point', 'coordinates': [39.261399392655, -6.8073736885593]}, 'id': '1860469291150464'}",void--unlabeled,GiF4AgoGbXB5LW9yKIAgEhIYAwgBIgwJhj6cHBIIDwPaBQ8=,1861708361026557
"{'geometry': {'type': 'Point', 'coordinates': [39.261399392655, -6.8073736885593]}, 'id': '1860469291150464'}",void--unlabeled,GiB4AgoGbXB5LW9yKIAgEhEYAwgBIgsJ8j3+IRIEKQAyDw==,1861708371026556
"{'geometry': {'type': 'Point', 'coordinates': [39.261399392655, -6.8073736885593]}, 'id': '1860469291150464'}",void--unlabeled,Gih4AgoGbXB5LW9yKIAgEhkYAwgBIhMJkDz0IzIqFwgZGAATKi0YBwcP,1861708374359889
"{'geometry': {'type': 'Point', 'coordinates': [39.261399392655, -6.8073736885593]}, 'id': '1860469291150464'}",void--unlabeled,GiB4AgoGbXB5LW9yKIAgEhEYAwgBIgsJvjy6IxIEAAAIDw==,1861708377693222
"{'geometry': {'type': 'Point', 'coordinates': [39.261399392655, -6.8073736885593]}, 'id': '1860469291150464'}",void--unlabeled,GiB4AgoGbXB5LW9yKIAgEhEYAwgBIgsJmj6OIhIIAAAIDw==,1861708381026555
"{'geometry': {'type': 'Point', 'coordinates': [39.261399392655, -6.8073736885593]}, 'id': '1860469291150464'}",void--unlabeled,GiB4AgoGbXB5LW9yKIAgEhEYAwgBIgsJujziHRIIBwAQDw==,1861708384359888
"{'geometry': {'type': 'Point', 'coordinates': [39.261399392655, -6.8073736885593]}, 'id': '1860469291150464'}",void--unlabeled,GiR4AgoGbXB5LW9yKIAgEhUYAwgBIg8J9j2GIiIUBwAQBwgLBw8=,1861708387693221
"{'geometry': {'type': 'Point', 'coordinates': [39.261399392655, -6.8073736885593]}, 'id': '1860469291150464'}",void--unlabeled,GiJ4AgoGbXB5LW9yKIAgEhMYAwgBIg0Joj7cHhoKBwAoCQoP,1861708391026554
"{'geometry': {'type': 'Point', 'coordinates': [39.261399392655, -6.8073736885593]}, 'id': '1860469291150464'}",void--unlabeled,Gid4AgoGbXB5LW9yKIAgEhgYAwgBIhIJoj6WHyoKEABCBQgGzAEJUg8=,1861708394359887
"{'geometry': {'type': 'Point', 'coordinates': [39.261399392655, -6.8073736885593]}, 'id': '1860469291150464'}",void--unlabeled,GiB4AgoGbXB5LW9yKIAgEhEYAwgBIgsJoj74GhIEGgMADw==,1861708397693220
"{'geometry': {'type': 'Point', 'coordinates': [39.261399392655, -6.8073736885593]}, 'id': '1860469291150464'}",void--unlabeled,Gj94AgoGbXB5LW9yKIAgEjAYAwgBIioJlj+6IIoBLAcEEAMQCAAAHw4ACCEIBxAICAAAMiMHETAAIgcHAxADUQ8=,1861708401026553
"{'geometry': {'type': 'Point', 'coordinates': [39.261399392655, -6.8073736885593]}, 'id': '1860469291150464'}",void--unlabeled,GiR4AgoGbXB5LW9yKIAgEhUYAwgBIg8Jij+EISIEAAAYAwcABw8=,1861708404359886
"{'geometry': {'type': 'Point', 'coordinates': [39.261399392655, -6.8073736885593]}, 'id': '1860469291150464'}",void--unlabeled,Gip4AgoGbXB5LW9yKIAgEhsYAwgBIhUJwD7aIDoIBwQoABoDGAAIBwgADw8=,1861708407693219
"{'geometry': {'type': 'Point', 'coordinates': [39.261399392655, -6.8073736885593]}, 'id': '1860469291150464'}",void--unlabeled,GiJ4AgoGbXB5LW9yKIAgEhMYAwgBIg0JzjuGHxoAQAcIAEcP,1861708411026552
"{'geometry': {'type': 'Point', 'coordinates': [39.261399392655, -6.8073736885593]}, 'id': '1860469291150464'}",void--unlabeled,GiZ4AgoGbXB5LW9yKIAgEhcYAwgBIhEJmAHaICoEAAAIAAgDAAAHDw==,1861708414359885
"{'geometry': {'type': 'Point', 'coordinates': [39.261399392655, -6.8073736885593]}, 'id': '1860469291150464'}",void--unlabeled,GiJ4AgoGbXB5LW9yKIAgEhMYAwgBIg0JgAz6LRoEIAsAABcP,1861708417693218
"{'geometry': {'type': 'Point', 'coordinates': [39.261399392655, -6.8073736885593]}, 'id': '1860469291150464'}",void--unlabeled,GiR4AgoGbXB5LW9yKIAgEhUYAwgBIg8JnAygLSIICAAYCwgDFw8=,1861708421026551
"{'geometry': {'type': 'Point', 'coordinates': [39.261399392655, -6.8073736885593]}, 'id': '1860469291150464'}",void--unlabeled,GiJ4AgoGbXB5LW9yKIAgEhMYAwgBIg0JsgzuLBoAGgkAABEP,1861708424359884
"{'geometry': {'type': 'Point', 'coordinates': [39.261399392655, -6.8073736885593]}, 'id': '1860469291150464'}",void--unlabeled,GiR4AgoGbXB5LW9yKIAgEhUYAwgBIg8JxgyMLCIYBwQQFzILAA8=,1861708427693217
"{'geometry': {'type': 'Point', 'coordinates': [39.261399392655, -6.8073736885593]}, 'id': '1860469291150464'}",void--unlabeled,Gih4AgoGbXB5LW9yKIAgEhkYAwgBIhMJ4A7QLTIAFxQHBxgDSg8HACcP,1861708431026550
"{'geometry': {'type': 'Point', 'coordinates': [39.261399392655, -6.8073736885593]}, 'id': '1860469291150464'}",void--unlabeled,GiJ4AgoGbXB5LW9yKIAgEhMYAwgBIg0J+A7OLBoAGAcIAB8P,1861708434359883
"{'geometry': {'type': 'Point', 'coordinates': [39.261399392655, -6.8073736885593]}, 'id': '1860469291150464'}",void--unlabeled,GiJ4AgoGbXB5LW9yKIAgEhMYAwgBIg0JwBHiLRoAIAcHAB8P,1861708437693216
"{'geometry': {'type': 'Point', 'coordinates': [39.261399392655, -6.8073736885593]}, 'id': '1860469291150464'}",void--unlabeled,GiJ4AgoGbXB5LW9yKIAgEhMYAwgBIg0JwCG4JRoAEAcAAA8P,1861708441026549
"{'geometry': {'type': 'Point', 'coordinates': [39.261399392655, -6.8073736885593]}, 'id': '1860469291150464'}",void--unlabeled,Gih4AgoGbXB5LW9yKIAgEhkYAwgBIhMJhCWWIjIIAAgaABAHCBUHAA8P,1861708444359882
"{'geometry': {'type': 'Point', 'coordinates': [39.261399392655, -6.8073736885593]}, 'id': '1860469291150464'}",void--unlabeled,GiJ4AgoGbXB5LW9yKIAgEhMYAwgBIg0J0CHqJRoAIAcAACcP,1861708447693215
"{'geometry': {'type': 'Point', 'coordinates': [39.261399392655, -6.8073736885593]}, 'id': '1860469291150464'}",void--unlabeled,GiF4AgoGbXB5LW9yKIAgEhIYAwgBIgwJzDbsGxIEtAEHWg8=,1861708451026548
"{'geometry': {'type': 'Point', 'coordinates': [39.261399392655, -6.8073736885593]}, 'id': '1860469291150464'}",void--unlabeled,GiJ4AgoGbXB5LW9yKIAgEhMYAwgBIg0JqAHaIBoEAAAIAwAP,1861708454359881
"{'geometry': {'type': 'Point', 'coordinates': [39.261399392655, -6.8073736885593]}, 'id': '1860469291150464'}",void--unlabeled,GiF4AgoGbXB5LW9yKIAgEhIYAwgBIgwJoj6YGBIEqAIDEA8=,1861708457693214
"{'geometry': {'type': 'Point', 'coordinates': [39.261399392655, -6.8073736885593]}, 'id': '1860469291150464'}",void--unlabeled,GiB4AgoGbXB5LW9yKIAgEhEYAwgBIgsJjj7AGhIESQBaDw==,1861708461026547
"{'geometry': {'type': 'Point', 'coordinates': [39.261399392655, -6.8073736885593]}, 'id': '1860469291150464'}",void--unlabeled,GiB4AgoGbXB5LW9yKIAgEhEYAwgBIgsJjjv2GRIEIAMADw==,1861708464359880
"{'geometry': {'type': 'Point', 'coordinates': [39.261399392655, -6.8073736885593]}, 'id': '1860469291150464'}",void--unlabeled,GiB4AgoGbXB5LW9yKIAgEhEYAwgBIgsJ/gGkIRIQBxAIDw==,1861708467693213
"{'geometry': {'type': 'Point', 'coordinates': [39.261399392655, -6.8073736885593]}, 'id': '1860469291150464'}",void--unlabeled,GiB4AgoGbXB5LW9yKIAgEhEYAwgBIgsJ6gGkIRIEAAMQDw==,1861708471026546
"{'geometry': {'type': 'Point', 'coordinates': [39.261399392655, -6.8073736885593]}, 'id': '1860469291150464'}",void--unlabeled,GiV4AgoGbXB5LW9yKIAgEhYYAwgBIhAJWsIgKggABFIAEAMAAEkP,1861708474359879
"{'geometry': {'type': 'Point', 'coordinates': [39.261399392655, -6.8073736885593]}, 'id': '1860469291150464'}",void--unlabeled,Gil4AgoGbXB5LW9yKIAgEhoYAwgBIhQJANogOgwACBcIAAB6AwADURMADw==,1861708477693212
"{'geometry': {'type': 'Point', 'coordinates': [39.261399392655, -6.8073736885593]}, 'id': '1860469291150464'}",void--unlabeled,Gh94AgoGbXB5LW9yKIAgEhAYAwgBIgoJBLgiEgwHAAgP,1861708481026545
"{'geometry': {'type': 'Point', 'coordinates': [39.261399392655, -6.8073736885593]}, 'id': '1860469291150464'}",void--unlabeled,Gj14AgoGbXB5LW9yKIAgEi4YAwgBIigJ6BvaJYIBGAgAIA8qDwgDEBkIByAHAAcaLQgDEQoAABckSRQHHjcP,1861708484359878
"{'geometry': {'type': 'Point', 'coordinates': [39.261399392655, -6.8073736885593]}, 'id': '1860469291150464'}",void--unlabeled,GiJ4AgoGbXB5LW9yKIAgEhMYAwgBIg0JoAHmIRpGBwQpADIP,1861708487693211
"{'geometry': {'type': 'Point', 'coordinates': [39.261399392655, -6.8073736885593]}, 'id': '1860469291150464'}",void--unlabeled,Gh94AgoGbXB5LW9yKIAgEhAYAwgBIgoJctIgEgAgAx8P,1861708491026544
"{'geometry': {'type': 'Point', 'coordinates': [39.261399392655, -6.8073736885593]}, 'id': '1860469291150464'}",void--unlabeled,Git4AgoGbXB5LW9yKIAgEhwYAwgBIhYJcoQhQhIIDCkMIhAADBEIGk0QAA8P,1861708494359877
"{'geometry': {'type': 'Point', 'coordinates': [39.261399392655, -6.8073736885593]}, 'id': '1860469291150464'}",void--unlabeled,Glt4AgoGbXB5LW9yKIAgEkwYAwgBIkYJtALkI/oBCEEIBwBBDB8QABQYBCgEIg4IBBAEGAMqABAUBwQAABADCA8ACw8EQQMPEQALGBsAAxoHBwAZCAcLAAdaACcP,1861708497693210
"{'geometry': {'type': 'Point', 'coordinates': [39.261399392655, -6.8073736885593]}, 'id': '1860469291150464'}",void--unlabeled,Gih4AgoGbXB5LW9yKIAgEhkYAwgBIhMJrgPGJDIDFwgRBAcIAAQIExoP,1861708501026543
"{'geometry': {'type': 'Point', 'coordinates': [39.261399392655, -6.8073736885593]}, 'id': '1860469291150464'}",void--unlabeled,GiB4AgoGbXB5LW9yKIAgEhEYAwgBIgsJogLoIhIWAAAIDw==,1861708504359876
"{'geometry': {'type': 'Point', 'coordinates': [39.261399392655, -6.8073736885593]}, 'id': '1860469291150464'}",void--unlabeled,GiB4AgoGbXB5LW9yKIAgEhEYAwgBIgsJ6gGOIhIAEAMPDw==,1861708507693209
"{'geometry': {'type': 'Point', 'coordinates': [39.261399392655, -6.8073736885593]}, 'id': '1860469291150464'}",void--unlabeled,GiB4AgoGbXB5LW9yKIAgEhEYAwgBIgsJpgOGJxIECQAKDw==,1861708511026542
"{'geometry': {'type': 'Point', 'coordinates': [39.261399392655, -6.8073736885593]}, 'id': '1860469291150464'}",void--unlabeled,GiB4AgoGbXB5LW9yKIAgEhEYAwgBIgsJpgKQJRIAMAMvDw==,1861708514359875
"{'geometry': {'type': 'Point', 'coordinates': [39.261399392655, -6.8073736885593]}, 'id': '1860469291150464'}",void--unlabeled,Gih4AgoGbXB5LW9yKIAgEhkYAwgBIhMJ2AKWJzIuCBgPBxgPECUHBwcP,1861708517693208
"{'geometry': {'type': 'Point', 'coordinates': [39.261399392655, -6.8073736885593]}, 'id': '1860469291150464'}",void--unlabeled,GiB4AgoGbXB5LW9yKIAgEhEYAwgBIgsJ+gigJRIEDwAQDw==,1861708521026541
"{'geometry': {'type': 'Point', 'coordinates': [39.261399392655, -6.8073736885593]}, 'id': '1860469291150464'}",void--unlabeled,Gjp4AgoGbXB5LW9yKIAgEisYAwgBIiUJgAiYJXpCCAAIHAcIAAwYFgAEGCAKBAgDCGUIHQ8HER8AAy8P,1861708524359874
"{'geometry': {'type': 'Point', 'coordinates': [39.261399392655, -6.8073736885593]}, 'id': '1860469291150464'}",void--unlabeled,Gih4AgoGbXB5LW9yKIAgEhkYAwgBIhMJpgLQJTISKhAQCGILJwM5Ew8P,1861708527693207
"{'geometry': {'type': 'Point', 'coordinates': [39.261399392655, -6.8073736885593]}, 'id': '1860469291150464'}",void--unlabeled,Gkp4AgoGbXB5LW9yKIAgEjsYAwgBIjUJzgOSI4IBAzELAAMPFAcEDyYAABAUKAsIBw8XAAcQBDoDOgkPBEEPCRZZIgsIABAICAQHDw==,1861708531026540
"{'geometry': {'type': 'Point', 'coordinates': [39.261399392655, -6.8073736885593]}, 'id': '1860469291150464'}",void--unlabeled,GiB4AgoGbXB5LW9yKIAgEhEYAwgBIgsJoASyIxIEAAAIDw==,1861708534359873
"{'geometry': {'type': 'Point', 'coordinates': [39.261399392655, -6.8073736885593]}, 'id': '1860469291150464'}",void--unlabeled,GiB4AgoGbXB5LW9yKIAgEhEYAwgBIgsJuAK4IhIEGAMYDw==,1861708537693206
"{'geometry': {'type': 'Point', 'coordinates': [39.261399392655, -6.8073736885593]}, 'id': '1860469291150464'}",void--unlabeled,GiB4AgoGbXB5LW9yKIAgEhEYAwgBIgsJsgP2JBIESgMADw==,1861708541026539
"{'geometry': {'type': 'Point', 'coordinates': [39.261399392655, -6.8073736885593]}, 'id': '1860469291150464'}",void--unlabeled,GiB4AgoGbXB5LW9yKIAgEhEYAwgBIgsJtgOSJhIECAMIDw==,1861708544359872
"{'geometry': {'type': 'Point', 'coordinates': [39.261399392655, -6.8073736885593]}, 'id': '1860469291150464'}",void--unlabeled,GiJ4AgoGbXB5LW9yKIAgEhMYAwgBIg0JqgPsIxoEDwgABBAP,1861708547693205
"{'geometry': {'type': 'Point', 'coordinates': [39.261399392655, -6.8073736885593]}, 'id': '1860469291150464'}",void--unlabeled,GiJ4AgoGbXB5LW9yKIAgEhMYAwgBIg0J6gjqLRoiAAgIAxgP,1861708551026538
"{'geometry': {'type': 'Point', 'coordinates': [39.261399392655, -6.8073736885593]}, 'id': '1860469291150464'}",void--unlabeled,GiB4AgoGbXB5LW9yKIAgEhEYAwgBIgsJugTOJBIEDwAIDw==,1861708554359871
"{'geometry': {'type': 'Point', 'coordinates': [39.261399392655, -6.8073736885593]}, 'id': '1860469291150464'}",void--unlabeled,GjR4AgoGbXB5LW9yKIAgEiUYAwgBIh8J3AOEJGIUMggAGDAiBwgPAxgRCBMICxcHAAsfDw8P,1861708557693204
"{'geometry': {'type': 'Point', 'coordinates': [39.261399392655, -6.8073736885593]}, 'id': '1860469291150464'}",void--unlabeled,GiB4AgoGbXB5LW9yKIAgEhEYAwgBIgsJrgTKIxIEAAAIDw==,1861708561026537
"{'geometry': {'type': 'Point', 'coordinates': [39.261399392655, -6.8073736885593]}, 'id': '1860469291150464'}",void--unlabeled,GkN4AgoGbXB5LW9yKIAgEjQYAwgBIi4Jwgy0LpoBJAcEESIICA8AHyQ5EGESOQQHCAAIIhNAACoJEAdKHzoAGAgQWRcP,1861708564359870
"{'geometry': {'type': 'Point', 'coordinates': [39.261399392655, -6.8073736885593]}, 'id': '1860469291150464'}",void--unlabeled,GnR4AgoGbXB5LW9yKIAgEmUYAwgBIl8JggfoKvIBEA8ADxkXCyELAA8nExEIHxgXEAAQFx4AXiAMCAQYLggIAAgaA1IcEB86ACAMCAQQCxhFDwsfFwAAGB0PDwkYF1oDAAMAAwADAAMAAAgEAAQABAAEAAQADw==,1861708567693203
"{'geometry': {'type': 'Point', 'coordinates': [39.261399392655, -6.8073736885593]}, 'id': '1860469291150464'}",void--unlabeled,GiB4AgoGbXB5LW9yKIAgEhEYAwgBIgsJvgT8IxIEAAM6Dw==,1861708571026536
"{'geometry': {'type': 'Point', 'coordinates': [39.261399392655, -6.8073736885593]}, 'id': '1860469291150464'}",void--unlabeled,GiB4AgoGbXB5LW9yKIAgEhEYAwgBIgsJtgTcIxIICAAYDw==,1861708574359869
"{'geometry': {'type': 'Point', 'coordinates': [39.261399392655, -6.8073736885593]}, 'id': '1860469291150464'}",void--unlabeled,Gih4AgoGbXB5LW9yKIAgEhkYAwgBIhMJrhyiFjIELxAIBAgDUgAxDwcP,1861708577693202
"{'geometry': {'type': 'Point', 'coordinates': [39.261399392655, -6.8073736885593]}, 'id': '1860469291150464'}",void--unlabeled,GiR4AgoGbXB5LW9yKIAgEhUYAwgBIg8JuBLoGiIIFwQyBwgDEQ8=,1861708581026535
"{'geometry': {'type': 'Point', 'coordinates': [39.261399392655, -6.8073736885593]}, 'id': '1860469291150464'}",void--unlabeled,GiN4AgoGbXB5LW9yKIAgEhQYAwgBIg4JlByAGBoIaQgPD6wBDw==,1861708584359868
"{'geometry': {'type': 'Point', 'coordinates': [39.261399392655, -6.8073736885593]}, 'id': '1860469291150464'}",object--vehicle--car,GmZ4AgoGbXB5LW9yKIAgElcYAwgBIlEJ5iHmIaICBAcECQQHDA8ADwgPJgcsCBQADAgSCAgYBAgEGgQIBBgEEAQqAAgAOgAIAwgACAsQCwADD1kAESADCAMADwADAAcHAwcTJwSTAQ8=,1861708587693201
"{'geometry': {'type': 'Point', 'coordinates': [39.261399392655, -6.8073736885593]}, 'id': '1860469291150464'}",void--unlabeled,GiR4AgoGbXB5LW9yKIAgEhUYAwgBIg8JgByuHyIAQQgnBEoHCA8=,1861708591026534
"{'geometry': {'type': 'Point', 'coordinates': [39.261399392655, -6.8073736885593]}, 'id': '1860469291150464'}",void--unlabeled,GiB4AgoGbXB5LW9yKIAgEhEYAwgBIgsJiAmwJRIMCAsADw==,1861708594359867
"{'geometry': {'type': 'Point', 'coordinates': [39.261399392655, -6.8073736885593]}, 'id': '1860469291150464'}",object--support--utility-pole,GqABeAIKBm1weS1vciiAIBKQARgDCAEiiQEJvhuuJOIDDJMBDrcCBA8AQQQnACEEFwirAQhJBKMBBB8AKQQXAC8EIQAnBDkADwRBBDkABwQnAA8QqwEKYwQHEAgAMgAgAyoAIAMQADIDEAAIFZgCB+QBAxoAMAMQAEIDCABCAwgACAAiABgHKABCABADIgAwAyIDkgEDCAu4AgdqAwgVAAMXDw==,1861708597693200
"{'geometry': {'type': 'Point', 'coordinates': [39.261399392655, -6.8073736885593]}, 'id': '1860469291150464'}",object--vehicle--other-vehicle,GiR4AgoGbXB5LW9yKIAgEhUYAwgBIg8Jvh+sISIEUQwPEhADUg8=,1861708601026533
"{'geometry': {'type': 'Point', 'coordinates': [39.261399392655, -6.8073736885593]}, 'id': '1860469291150464'}",object--street-light,Gip4AgoGbXB5LW9yKIAgEhsYAwgBIhUJ3CbaHToAERwvIgADIA8IDRoXCA8=,1861708604359866
"{'geometry': {'type': 'Point', 'coordinates': [39.261399392655, -6.8073736885593]}, 'id': '1860469291150464'}",object--vehicle--motorcycle,Gnl4AgoGbXB5LW9yKIAgEmoYAwgBImQJpgLuJPICBg8ISQhZDAAHCAAaCAgEGRwADBcSAAQQA0IMEBAABAcIFwgABAgDGAMIBxIEGAAIBBgAEABKBFIAEAASAwgAGAMQAAgDEAMKBwgXEC0HAw8DGQdhDw8RKQAPAC8P,1861708607693199
"{'geometry': {'type': 'Point', 'coordinates': [39.261399392655, -6.8073736885593]}, 'id': '1860469291150464'}",human--person--individual,Gjt4AgoGbXB5LW9yKIAgEiwYAwgBIiYJ8giCI3oEEQAfCA8SAAQYBAgQQgD+AQAYEwALBwMABQcABwAPDw==,1861708611026532
"{'geometry': {'type': 'Point', 'coordinates': [39.261399392655, -6.8073736885593]}, 'id': '1860469291150464'}",object--vehicle--other-vehicle,Gi94AgoGbXB5LW9yKIAgEiAYAwgBIhoJHMIgUhYHKAgIGABKABADCBsQAw8DBx0IDw==,1861708614359865
"{'geometry': {'type': 'Point', 'coordinates': [39.261399392655, -6.8073736885593]}, 'id': '1860469291150464'}",object--street-light,Gj14AgoGbXB5LW9yKIAgEi4YAwgBIigJ5imCG4IBBCEgAAgYBAoECAQIAAgECAQQABAfAAcXBwADDwMHAwcP,1861708617693198
"{'geometry': {'type': 'Point', 'coordinates': [39.261399392655, -6.8073736885593]}, 'id': '1860469291150464'}",object--support--utility-pole,Gih4AgoGbXB5LW9yKIAgEhkYAwgBIhMJ9j3UISoArwUQBwTKBQAYEwgP,1861708621026531
"{'geometry': {'type': 'Point', 'coordinates': [39.261399392655, -6.8073736885593]}, 'id': '1860469291150464'}",object--support--pole,Gjd4AgoGbXB5LW9yKIAgEigYAwgBIiIJ0CbkHmoEBwBJACcIDwQIAAgHIADOAQMIADgHBwQnAHsP,1861708624359864
"{'geometry': {'type': 'Point', 'coordinates': [39.261399392655, -6.8073736885593]}, 'id': '1860469291150464'}",object--sign--advertisement,GjR4AgoGbXB5LW9yKIAgEiUYAwgBIh8J8jnOH1o0CgYQNBAMIABKAO4BA1ojCAsQTQcD4QMP,1861708627693197
"{'geometry': {'type': 'Point', 'coordinates': [39.261399392655, -6.8073736885593]}, 'id': '1860469291150464'}",object--street-light,GjR4AgoGbXB5LW9yKIAgEiUYAwgBIh8JxCWIHWIMCQoAAAoQCQgABAoHEAMICwAJEAcACw8P,1861708631026530
"{'geometry': {'type': 'Point', 'coordinates': [39.261399392655, -6.8073736885593]}, 'id': '1860469291150464'}",object--vehicle--car,Gid4AgoGbXB5LW9yKIAgEhgYAwgBIhIJyj+MISoAIRIvJAgA9gExBw8=,1861708634359863
"{'geometry': {'type': 'Point', 'coordinates': [39.261399392655, -6.8073736885593]}, 'id': '1860469291150464'}",object--street-light,GkN4AgoGbXB5LW9yKIAgEjQYAwgBIi4JzDnmHJoBDhcEBwwPBAAIBwQABAkYAAASAwgDCAcIAwADCAMAAwgHAAcIFQgP,1861708637693196
"{'geometry': {'type': 'Point', 'coordinates': [39.261399392655, -6.8073736885593]}, 'id': '1860469291150464'}",human--rider--bicyclist,GjZ4AgoGbXB5LW9yKIAgEicYAwgBIiEJ9iD6IGoIFxIAAAgEEAAaAAgDGAAQBwAAHwkAACAHEA8=,1861708641026529
"{'geometry': {'type': 'Point', 'coordinates': [39.261399392655, -6.8073736885593]}, 'id': '1860469291150464'}",object--support--utility-pole,Gkh4AgoGbXB5LW9yKIAgEjkYAwgBIjMJij7mIZoBBNkFACcEawAnAFkA3QEEBwgHBBAAuAIAKAAaAMoDACoAEAD4AgcADwAADw8=,1861708644359862
"{'geometry': {'type': 'Point', 'coordinates': [39.261399392655, -6.8073736885593]}, 'id': '1860469291150464'}",object--support--pole,GjR4AgoGbXB5LW9yKIAgEiUYAwgBIh8J8DK+HFIAqwEMAAAYBkoApAEEWgDcAQkKAAkHjQIP,1861708647693195
"{'geometry': {'type': 'Point', 'coordinates': [39.261399392655, -6.8073736885593]}, 'id': '1860469291150464'}",object--support--utility-pole,GlJ4AgoGbXB5LW9yKIAgEkMYAwgBIj0J8DrMHroBBIMBAIkBACEEkQEAYwQ3BiEIEgQIABAAIABaADoDjAEAlAQDIATmAQByAFoVAANZAHEA7QEP,1861708651026528
"{'geometry': {'type': 'Point', 'coordinates': [39.261399392655, -6.8073736885593]}, 'id': '1860469291150464'}",object--support--pole,Git4AgoGbXB5LW9yKIAgEhwYAwgBIhYJvDnyHToEgwEMAAAQAFIACgNyCw8P,1861708654359861
"{'geometry': {'type': 'Point', 'coordinates': [39.261399392655, -6.8073736885593]}, 'id': '1860469291150464'}",object--support--pole,Gjd4AgoGbXB5LW9yKIAgEigYAwgBIiIJyCXkHmoEUQAXACkAFwAHCAAGCAAQBeYBBzoDAAApAB8P,1861708657693194
"{'geometry': {'type': 'Point', 'coordinates': [39.261399392655, -6.8073736885593]}, 'id': '1860469291150464'}",object--vehicle--bicycle,Gi54AgoGbXB5LW9yKIAgEh8YAwgBIhkJ9iDUIUoIDwAfCgAAIAAiAyANAAAPAAcP,1861708661026527
"{'geometry': {'type': 'Point', 'coordinates': [39.261399392655, -6.8073736885593]}, 'id': '1860469291150464'}",object--street-light,GjR4AgoGbXB5LW9yKIAgEiUYAwgBIh8JsCqqG2IEBwQHBAAIBxQHEBAACAcIAwAHCB8IAwAP,1861708664359860
"{'geometry': {'type': 'Point', 'coordinates': [39.261399392655, -6.8073736885593]}, 'id': '1860469291150464'}",object--vehicle--car,Gi94AgoGbXB5LW9yKIAgEiAYAwgBIhoJZqQhUgwHTg8eAAwIABAAEAMqRQgxCAcZDw==,1861708667693193
"{'geometry': {'type': 'Point', 'coordinates': [39.261399392655, -6.8073736885593]}, 'id': '1860469291150464'}",object--sign--advertisement,GiZ4AgoGbXB5LW9yKIAgEhcYAwgBIhEJijvKICIoAAD+AScIA+UBDw==,1861708671026526
"{'geometry': {'type': 'Point', 'coordinates': [39.261399392655, -6.8073736885593]}, 'id': '1860469291150464'}",object--vehicle--motorcycle,Gmx4AgoGbXB5LW9yKIAgEiEYAwgBIhsJpgP0I1IEBxAACAgDIAcABBcDBwcABxgADw8SOhgDCAIiNAnYA+wjsgEEOQM5CA8YAAgQDAcUAABCBAgKEAQIBAoIIAA6AAgDEAcQIQgXLwcAEzEDBw8=,1861708674359859
"{'geometry': {'type': 'Point', 'coordinates': [39.261399392655, -6.8073736885593]}, 'id': '1860469291150464'}",object--support--pole,Gj94AgoGbXB5LW9yKIAgEjAYAwgBIioJpirCG4IBCgcEAAAIBAgAUgAIA6gCA4wBCQAASQBJADkGeQBhBUEAGQ8=,1861708677693192
"{'geometry': {'type': 'Point', 'coordinates': [39.261399392655, -6.8073736885593]}, 'id': '1860469291150464'}",object--sign--advertisement,Gj54AgoGbXB5LW9yKIAgEi8YAwgBIikJ6gG0IYIBBA8QACAADgAIAASUAQAwFQAPABsIAwADBwMfACkADwAnDw==,1861708681026525
"{'geometry': {'type': 'Point', 'coordinates': [39.261399392655, -6.8073736885593]}, 'id': '1860469291150464'}",human--person--individual,GiZ4AgoGbXB5LW9yKIAgEhcYAwgBIhEJrh/EISoDeRAHCBgDUgAgDw==,1861708684359858
"{'geometry': {'type': 'Point', 'coordinates': [39.261399392655, -6.8073736885593]}, 'id': '1860469291150464'}",construction--flat--driveway,Gml4AgoGbXB5LW9yKIAgEkUYAwgBIj8JgjfkJtoBBBcQD0YPCAkIAAgHBAAMBwQAJgAIEEAAPg8AEAcAAwoDAAcIBwgLCAkIAwADCI0BWhkHJxcbEQ8SExgDCAIiDQnEOYImGgQAAAgDAA8=,1861708687693191
"{'geometry': {'type': 'Point', 'coordinates': [39.261399392655, -6.8073736885593]}, 'id': '1860469291150464'}",object--vehicle--car,GiR4AgoGbXB5LW9yKIAgEhUYAwgBIg8JjCCAICIIHxQIACgbAA8=,1861708691026524
"{'geometry': {'type': 'Point', 'coordinates': [39.261399392655, -6.8073736885593]}, 'id': '1860469291150464'}",object--support--pole,Gih4AgoGbXB5LW9yKIAgEhkYAwgBIhMJrDmIHTIEEQwAAHwASgsPA3sP,1861708694359857
"{'geometry': {'type': 'Point', 'coordinates': [39.261399392655, -6.8073736885593]}, 'id': '1860469291150464'}",object--street-light,Gj14AgoGbXB5LW9yKIAgEi4YAwgBIigJ9DLYGoIBCB8SGQQHDA8YCAgQAyoDCAAIAwgDEAMIAwADChMIGRkP,1861708697693190
"{'geometry': {'type': 'Point', 'coordinates': [39.261399392655, -6.8073736885593]}, 'id': '1860469291150464'}",object--vehicle--other-vehicle,Gi14AgoGbXB5LW9yKIAgEh4YAwgBIhgJAOogShQABFIEagMKAwgDAAAHCwgDAA8=,1861708701026523
"{'geometry': {'type': 'Point', 'coordinates': [39.261399392655, -6.8073736885593]}, 'id': '1860469291150464'}",object--support--pole,Gil4AgoGbXB5LW9yKIAgEhoYAwgBIhQJih7UITIEmQEIAAN6ACoAEAcIDw==,1861708704359856
"{'geometry': {'type': 'Point', 'coordinates': [39.261399392655, -6.8073736885593]}, 'id': '1860469291150464'}",construction--flat--driveway,GkF4AgoGbXB5LW9yKIAgEjIYAwgBIiwJnjvCI5IBIAcMD1YIDgcMEAQABAgHGikYAwADAAcHBwADAAsHBwADBzkJDw==,1861708707693189
"{'geometry': {'type': 'Point', 'coordinates': [39.261399392655, -6.8073736885593]}, 'id': '1860469291150464'}",object--street-light,Gip4AgoGbXB5LW9yKIAgEhsYAwgBIhUJ7DaiGzoWKRgACAoDIAMIDxglAA8=,1861708711026522
"{'geometry': {'type': 'Point', 'coordinates': [39.261399392655, -6.8073736885593]}, 'id': '1860469291150464'}",human--person--individual,GiZ4AgoGbXB5LW9yKIAgEhcYAwgBIhEJzD76ICoAPwwABFoLCAMHDw==,1861708714359855
"{'geometry': {'type': 'Point', 'coordinates': [39.261399392655, -6.8073736885593]}, 'id': '1860469291150464'}",object--sign--advertisement,GiZ4AgoGbXB5LW9yKIAgEhcYAwgBIhEJwjuiGyIyCASCAzkIB4kDDw==,1861708717693188
"{'geometry': {'type': 'Point', 'coordinates': [39.261399392655, -6.8073736885593]}, 'id': '1860469291150464'}",object--support--utility-pole,GjJ4AgoGbXB5LW9yKIAgEiMYAwgBIh0JrD7UHkoFgwEOBwScAQSUAQRiAFIHBwO7AQdrDw==,1861708721026521
"{'geometry': {'type': 'Point', 'coordinates': [39.261399392655, -6.8073736885593]}, 'id': '1860469291150464'}",object--vehicle--car,Gix4AgoGbXB5LW9yKIAgEh0YAwgBIhcJjj+EIUIASQgAJAgEUgMYGwcPCAAPDw==,1861708724359854
"{'geometry': {'type': 'Point', 'coordinates': [39.261399392655, -6.8073736885593]}, 'id': '1860469291150464'}",object--support--utility-pole,Gih4AgoGbXB5LW9yKIAgEhkYAwgBIhMJujziHTIICABiA2IAGAMIAwAP,1861708727693187
"{'geometry': {'type': 'Point', 'coordinates': [39.261399392655, -6.8073736885593]}, 'id': '1860469291150464'}",object--vehicle--car,Gkl4AgoGbXB5LW9yKIAgEjoYAwgBIjQJctIgUgAXCBE+CgBACxIPAAshCyoRBwARDwkmFyoACAAIBAAABwAHDwkMABoACAQAAAcP,1861708731026520
"{'geometry': {'type': 'Point', 'coordinates': [39.261399392655, -6.8073736885593]}, 'id': '1860469291150464'}",object--support--pole,Gih4AgoGbXB5LW9yKIAgEhkYAwgBIhMJujy6ICoE2AIHAAMxA9sBAEkP,1861708734359853
"{'geometry': {'type': 'Point', 'coordinates': [39.261399392655, -6.8073736885593]}, 'id': '1860469291150464'}",object--catch-basin,GiZ4AgoGbXB5LW9yKIAgEhcYAwgBIhEJrijOJyoMAAASRQgADxAJDw==,1861708737693186
"{'geometry': {'type': 'Point', 'coordinates': [39.261399392655, -6.8073736885593]}, 'id': '1860469291150464'}",object--street-light,GjZ4AgoGbXB5LW9yKIAgEicYAwgBIiEJnDnOHGoEBwQHEA8qCAAQAwgNGAAICwAPAAcAAwcHAA8=,1861708741026519
"{'geometry': {'type': 'Point', 'coordinates': [39.261399392655, -6.8073736885593]}, 'id': '1860469291150464'}",object--sign--advertisement,GiZ4AgoGbXB5LW9yKIAgEhcYAwgBIhEJzAW0ISIAnAErCAMPAJMBDw==,1861708744359852
"{'geometry': {'type': 'Point', 'coordinates': [39.261399392655, -6.8073736885593]}, 'id': '1860469291150464'}",object--cctv-camera,Gih4AgoGbXB5LW9yKIAgEhkYAwgBIhMJtCqaGzIRKQQPFgcEMgMQAwAP,1861708747693185
